UNITID,LINE_10,LINE_45,LINE_50,LINE_55,LINE_11,LINE_30,LINE_51,LINE_52,PGLIN10,PGLIN45,PGLIN50,PGLIN11,SSLIN10,SSLIN45,SSLIN50,SSLIN11,NRLIN10,NRLIN45,NRLIN50,NRLIN11
101277,75,0,75,18,44,0,0,31,34,0,34,16,6,0,6,4,35,0,35,24
102711,84,0,84,72,72,0,0,12,31,0,31,31,2,0,2,2,51,0,51,39
103741,56,0,56,1,32,0,0,24,53,0,53,30,1,0,1,1,2,0,2,1
103954,7,0,7,4,4,0,0,3,7,0,7,4,0,0,0,0,0,0,0,0
104391,35,0,35,6,26,0,1,8,18,0,18,18,5,0,5,5,12,0,12,3
104443,22,0,22,1,8,0,0,14,18,0,18,7,1,0,1,0,3,0,3,1
104568,176,0,176,81,114,0,0,62,75,0,75,34,9,0,9,8,92,0,92,72
105677,20,0,20,19,19,0,0,1,3,0,3,2,5,0,5,5,12,0,12,12
106315,2,0,2,0,2,0,0,0,2,0,2,2,0,0,0,0,0,0,0,0
106324,23,0,23,7,11,0,1,11,11,0,11,9,1,0,1,1,11,0,11,1
106351,1,0,1,0,0,1,0,0,1,0,1,0,0,0,0,0,0,0,0,0
106360,19,0,19,3,12,4,3,0,16,0,16,10,1,0,1,1,2,0,2,1
106494,20,0,20,2,10,1,0,9,19,0,19,10,0,0,0,0,1,0,1,0
106908,104,0,104,5,65,0,1,38,74,0,74,39,11,0,11,8,19,0,19,18
107099,19,0,19,0,16,0,0,3,16,0,16,13,3,0,3,3,0,0,0,0
107220,81,0,81,29,52,0,0,29,71,0,71,45,5,0,5,4,5,0,5,3
107293,30,0,30,0,16,0,0,14,30,0,30,16,0,0,0,0,0,0,0,0
107442,13,0,13,0,6,0,0,7,13,0,13,6,0,0,0,0,0,0,0,0
107488,172,0,172,7,120,2,48,2,58,0,58,58,0,0,0,0,114,0,114,62
107655,16,0,16,1,7,0,1,8,13,0,13,5,0,0,0,0,3,0,3,2
107789,42,0,42,2,27,0,0,15,25,0,25,15,8,0,8,5,9,0,9,7
107831,18,1,17,1,6,0,0,11,15,1,14,4,2,0,2,1,1,0,1,1
108065,14,0,14,4,10,1,0,3,14,0,14,10,0,0,0,0,0,0,0,0
108977,30,0,30,4,12,0,0,18,24,0,24,9,2,0,2,1,4,0,4,2
109721,252,0,252,196,207,0,0,45,232,0,232,206,0,0,0,0,20,0,20,1
109730,37,0,37,19,24,0,1,12,36,0,36,24,0,0,0,0,1,0,1,0
110194,190,0,190,152,166,0,0,24,152,0,152,132,27,0,27,26,11,0,11,8
110875,18,0,18,17,17,0,1,0,14,0,14,14,1,0,1,1,3,0,3,2
111054,17,1,16,0,13,0,0,3,6,1,5,3,1,0,1,1,10,0,10,9
111513,38,0,38,0,28,0,0,10,21,0,21,13,0,0,0,0,17,0,17,15
111708,81,0,81,4,64,0,0,17,42,0,42,28,8,0,8,7,31,0,31,29
111717,80,0,80,0,38,0,0,42,54,0,54,33,7,0,7,3,19,0,19,2
111726,79,0,79,0,65,0,0,14,49,0,49,40,0,0,0,0,30,0,30,25
111744,69,1,68,1,37,0,0,31,64,0,64,34,2,0,2,2,3,1,2,1
111762,64,0,64,0,45,0,0,19,25,0,25,19,1,0,1,1,38,0,38,25
111799,83,0,83,0,44,0,0,39,41,0,41,20,1,0,1,0,41,0,41,24
112181,83,0,83,4,32,0,0,51,38,0,38,18,17,0,17,4,28,0,28,10
112288,289,0,289,4,121,0,0,168,264,0,264,116,9,0,9,2,16,0,16,3
112367,249,0,249,180,180,0,69,0,156,0,156,156,0,0,0,0,93,0,93,24
112455,35,0,35,3,17,0,0,18,26,0,26,11,2,0,2,0,7,0,7,6
113449,96,0,96,18,73,0,23,0,62,0,62,42,6,0,6,4,28,0,28,27
113537,4,0,4,4,4,0,0,0,1,0,1,1,2,0,2,2,1,0,1,1
114460,80,0,80,11,63,0,0,17,44,0,44,32,8,0,8,6,28,0,28,25
114637,2,0,2,2,2,0,0,0,0,0,0,0,0,0,0,0,2,0,2,2
114761,16,0,16,1,10,0,1,5,12,0,12,8,0,0,0,0,4,0,4,2
114947,100,0,100,42,42,0,0,58,14,0,14,9,14,0,14,10,72,0,72,23
115357,39,0,39,7,27,0,0,12,24,0,24,14,1,0,1,1,14,0,14,12
115658,14,0,14,0,7,0,0,7,13,0,13,6,0,0,0,0,1,0,1,1
116350,34,0,34,5,14,0,0,20,21,0,21,8,2,0,2,1,11,0,11,5
117238,55,0,55,15,23,1,0,31,38,0,38,15,2,0,2,2,15,0,15,6
117955,41,0,41,13,25,0,0,16,32,0,32,20,6,0,6,3,3,0,3,2
118134,22,0,22,1,7,0,0,15,18,0,18,4,1,0,1,1,3,0,3,2
118143,5,0,5,3,3,0,0,2,2,0,2,0,0,0,0,0,3,0,3,3
118161,26,0,26,3,19,0,0,7,14,0,14,9,3,0,3,3,9,0,9,7
118958,5,0,5,0,3,0,0,2,3,0,3,1,0,0,0,0,2,0,2,2
118994,52,0,52,4,18,0,0,34,38,0,38,11,10,0,10,6,4,0,4,1
119553,489,0,489,374,379,0,0,110,300,0,300,233,59,0,59,51,130,0,130,95
119951,152,0,152,7,83,0,2,67,80,0,80,38,4,0,4,1,68,0,68,44
120069,184,0,184,19,112,1,0,71,136,0,136,79,15,0,15,12,33,0,33,21
120087,97,0,97,16,55,0,0,42,62,0,62,32,7,0,7,4,28,0,28,19
121433,41,0,41,5,18,0,4,19,29,0,29,14,0,0,0,0,12,0,12,4
121637,25,0,25,3,18,0,0,7,13,0,13,9,0,0,0,0,12,0,12,9
121859,78,0,78,15,47,0,0,31,59,0,59,34,4,0,4,2,15,0,15,11
121868,55,0,55,17,44,0,0,11,36,0,36,27,5,0,5,5,14,0,14,12
123350,93,0,93,1,72,0,0,21,93,0,93,72,0,0,0,0,0,0,0,0
123493,242,0,242,117,117,0,65,60,135,0,135,69,33,0,33,10,74,0,74,38
124681,705,0,705,126,438,16,1,250,686,0,686,420,4,0,4,4,15,0,15,14
125082,15,0,15,0,7,0,0,8,8,0,8,2,0,0,0,0,7,0,7,5
125310,5,0,5,0,2,0,0,3,5,0,5,2,0,0,0,0,0,0,0,0
126915,71,0,71,59,59,0,0,12,41,0,41,41,5,0,5,5,25,0,25,13
127158,728,0,728,633,633,0,0,95,435,0,435,396,0,0,0,0,293,0,293,237
127316,36,0,36,14,28,0,0,8,26,0,26,20,1,0,1,1,9,0,9,7
128337,29,0,29,0,18,0,1,10,24,0,24,14,3,0,3,2,2,0,2,2
128896,27,0,27,13,21,0,0,6,22,0,22,18,1,0,1,1,4,0,4,2
129002,51,0,51,5,14,0,0,37,44,0,44,9,2,0,2,2,5,0,5,3
129349,38,0,38,3,24,0,0,14,21,0,21,11,5,0,5,5,12,0,12,8
129932,659,0,659,492,492,0,4,163,577,0,577,411,31,0,31,31,51,0,51,50
130174,288,0,288,110,163,0,0,125,213,0,213,114,45,0,45,33,30,0,30,16
130873,291,0,291,165,201,0,0,90,194,0,194,135,7,0,7,4,90,0,90,62
131061,66,0,66,13,37,0,0,29,20,0,20,18,11,0,11,7,35,0,35,12
132675,28,0,28,17,19,0,0,9,13,0,13,13,0,0,0,0,15,0,15,6
132976,117,0,117,117,117,0,0,0,60,0,60,60,0,0,0,0,57,0,57,57
133155,327,0,327,221,324,2,0,1,73,0,73,73,0,0,0,0,254,0,254,251
134024,78,0,78,0,40,0,0,38,55,0,55,24,10,0,10,3,13,0,13,13
134228,25,0,25,22,23,0,0,2,21,0,21,19,4,0,4,4,0,0,0,0
134307,275,2,273,52,68,3,0,202,250,0,250,63,0,0,0,0,25,2,23,5
134529,102,0,102,24,74,0,0,28,95,0,95,69,2,0,2,1,5,0,5,4
134574,45,0,45,13,33,0,0,12,30,0,30,26,3,0,3,3,12,0,12,4
134714,49,0,49,15,32,0,0,17,30,0,30,16,1,0,1,1,18,0,18,15
135142,57,0,57,7,50,0,5,2,20,0,20,20,1,0,1,0,36,0,36,30
135179,502,0,502,321,351,0,1,150,196,0,196,128,0,0,0,0,306,0,306,223
135276,722,2,720,273,349,1,17,353,351,0,351,153,0,0,0,0,371,2,369,196
135337,46,0,46,16,27,0,0,19,30,0,30,16,3,0,3,3,13,0,13,8
135522,242,1,241,182,202,1,0,38,179,1,178,139,0,0,0,0,63,0,63,63
135559,58,0,58,2,42,0,0,16,49,0,49,33,9,0,9,9,0,0,0,0
136109,37,0,37,0,27,0,0,10,18,0,18,11,10,0,10,8,9,0,9,8
136303,176,0,176,105,112,0,0,64,76,0,76,55,0,0,0,0,100,0,100,57
136491,202,0,202,50,87,0,2,113,103,0,103,50,0,0,0,0,99,0,99,37
136765,321,0,321,240,240,0,30,51,240,0,240,240,0,0,0,0,81,0,81,0
137023,249,0,249,157,188,0,9,52,106,0,106,64,0,0,0,0,143,0,143,124
137591,219,0,219,12,53,0,113,53,129,0,129,34,0,0,0,0,90,0,90,19
137801,224,0,224,138,158,0,0,66,179,0,179,121,24,0,24,22,21,0,21,15
137856,41,0,41,32,32,0,0,9,18,0,18,14,0,0,0,0,23,0,23,18
137865,160,0,160,38,65,0,2,93,106,0,106,38,0,0,0,0,54,0,54,27
138284,317,5,312,106,106,0,100,106,95,0,95,26,0,0,0,0,222,5,217,80
138822,176,0,176,34,121,0,0,55,129,0,129,82,27,0,27,23,20,0,20,16
138938,32,0,32,7,19,0,0,13,22,0,22,16,4,0,4,3,6,0,6,0
139506,96,0,96,37,56,0,40,0,69,0,69,46,20,0,20,10,7,0,7,0
141608,35,1,34,13,23,0,0,11,27,0,27,19,2,0,2,2,6,1,5,2
142407,29,0,29,9,24,0,0,5,19,0,19,16,3,0,3,3,7,0,7,5
142489,26,0,26,8,14,0,0,12,16,0,16,7,0,0,0,0,10,0,10,7
143376,29,0,29,0,18,0,0,11,25,0,25,15,4,0,4,3,0,0,0,0
143464,3,0,3,0,1,0,0,2,1,0,1,0,0,0,0,0,2,0,2,1
143473,6,0,6,1,5,0,1,0,5,0,5,4,1,0,1,1,0,0,0,0
143482,12,0,12,1,7,0,4,1,7,0,7,5,3,0,3,0,2,0,2,2
143491,6,0,6,1,4,0,1,1,0,0,0,0,0,0,0,0,6,0,6,4
143552,3,0,3,0,0,0,0,3,3,0,3,0,0,0,0,0,0,0,0,0
144573,1,0,1,0,1,0,0,0,1,0,1,1,0,0,0,0,0,0,0,0
144795,216,1,215,3,104,0,1,110,151,0,151,73,30,0,30,17,35,1,34,14
145099,250,0,250,75,185,0,13,52,140,0,140,130,27,0,27,20,83,0,83,35
145309,16,0,16,10,12,0,1,3,10,0,10,9,5,0,5,3,1,0,1,0
145406,62,0,62,8,52,0,0,10,27,0,27,26,21,0,21,19,14,0,14,7
145424,10,0,10,0,6,0,0,4,2,0,2,0,0,0,0,0,8,0,8,6
145433,19,0,19,1,9,0,2,8,8,0,8,3,4,0,4,1,7,0,7,5
146454,22,0,22,4,13,0,0,9,3,0,3,0,4,0,4,4,15,0,15,9
146807,11,0,11,9,9,0,0,2,8,0,8,8,1,0,1,1,2,0,2,0
147642,15,0,15,8,11,0,0,4,9,0,9,6,1,0,1,1,5,0,5,4
147819,43,0,43,13,38,0,0,5,20,0,20,20,8,0,8,8,15,0,15,10
148098,44,0,44,3,34,2,0,8,22,0,22,16,4,0,4,4,18,0,18,14
148955,3,0,3,0,3,0,0,0,3,0,3,3,0,0,0,0,0,0,0,0
149204,38,1,37,1,26,0,0,11,33,1,32,22,4,0,4,3,1,0,1,1
149550,50,0,50,1,38,0,0,12,39,0,39,30,11,0,11,8,0,0,0,0
150303,11,0,11,2,6,0,0,5,10,0,10,5,1,0,1,1,0,0,0,0
150428,6,0,6,6,6,0,0,0,2,0,2,2,3,0,3,3,1,0,1,1
150765,15,0,15,1,11,0,0,4,6,0,6,4,1,0,1,1,8,0,8,6
150853,23,0,23,5,15,0,0,8,18,0,18,11,1,0,1,1,4,0,4,3
151564,5,0,5,0,3,0,0,2,0,0,0,0,0,0,0,0,5,0,5,3
151607,15,0,15,0,7,0,0,8,13,0,13,5,2,0,2,2,0,0,0,0
152150,15,0,15,2,7,0,0,8,12,0,12,5,0,0,0,0,3,0,3,2
152275,48,0,48,0,21,0,0,27,41,0,41,18,0,0,0,0,7,0,7,3
152309,25,0,25,3,15,0,0,10,16,0,16,9,4,0,4,3,5,0,5,3
152628,21,0,21,11,16,1,0,4,10,0,10,7,3,0,3,3,8,0,8,6
155159,29,0,29,0,18,0,3,8,19,0,19,11,6,0,6,5,4,0,4,2
155353,51,0,51,2,20,0,0,31,19,0,19,19,1,0,1,1,31,0,31,0
155423,204,0,204,117,118,0,9,77,74,0,74,36,15,0,15,11,115,0,115,71
156310,43,0,43,0,13,0,0,30,36,0,36,7,7,0,7,6,0,0,0,0
156426,48,0,48,2,33,0,0,15,20,0,20,10,8,0,8,8,20,0,20,15
156754,7,0,7,0,1,0,0,6,6,0,6,0,1,0,1,1,0,0,0,0
156842,67,0,67,2,56,0,0,11,32,0,32,24,12,0,12,11,23,0,23,21
156967,28,0,28,13,13,0,0,15,21,0,21,8,1,0,1,1,6,0,6,4
157614,30,0,30,0,16,0,1,13,27,0,27,15,1,0,1,0,2,0,2,1
157650,44,0,44,1,23,0,2,19,37,0,37,19,6,0,6,3,1,0,1,1
157669,49,0,49,0,22,0,1,26,43,0,43,17,2,0,2,2,4,0,4,3
157678,53,0,53,2,23,0,2,28,42,0,42,16,9,0,9,6,2,0,2,1
158246,132,0,132,95,96,0,0,36,109,0,109,77,6,0,6,4,17,0,17,15
158538,2,0,2,0,1,0,1,0,2,0,2,1,0,0,0,0,0,0,0,0
158617,298,0,298,175,219,0,0,79,168,0,168,168,51,0,51,51,79,0,79,0
158778,29,0,29,0,4,1,0,24,29,0,29,4,0,0,0,0,0,0,0,0
158787,14,0,14,0,5,0,4,5,10,0,10,2,0,0,0,0,4,0,4,3
159027,22,0,22,9,10,0,0,12,14,0,14,8,2,0,2,2,6,0,6,0
159328,16,0,16,3,13,0,0,3,7,0,7,5,0,0,0,0,9,0,9,8
159513,44,0,44,0,32,0,0,12,31,0,31,21,8,0,8,7,5,0,5,4
159522,31,0,31,4,27,0,0,4,25,0,25,25,6,0,6,2,0,0,0,0
159531,9,0,9,9,9,0,0,0,3,0,3,3,3,0,3,3,3,0,3,3
159601,27,0,27,5,16,0,0,11,16,0,16,10,11,0,11,6,0,0,0,0
160117,36,0,36,2,19,0,0,17,19,0,19,14,7,0,7,5,10,0,10,0
160126,5,0,5,0,4,0,0,1,5,0,5,4,0,0,0,0,0,0,0,0
160199,17,0,17,1,13,0,0,4,12,0,12,10,0,0,0,0,5,0,5,3
160320,691,0,691,83,516,3,0,172,432,0,432,309,64,0,64,52,195,0,195,155
160472,148,0,148,3,58,2,17,71,104,0,104,56,5,0,5,2,39,0,39,0
160597,4,0,4,0,2,0,0,2,4,0,4,2,0,0,0,0,0,0,0,0
161493,60,0,60,0,35,0,2,23,51,0,51,29,4,0,4,2,5,0,5,4
161527,80,0,80,25,65,0,0,15,46,0,46,35,22,0,22,19,12,0,12,11
161800,33,0,33,17,17,0,0,16,31,0,31,16,2,0,2,1,0,0,0,0
161855,7,0,7,5,5,0,0,2,7,0,7,5,0,0,0,0,0,0,0,0
162335,9,0,9,0,5,0,0,4,6,0,6,3,1,0,1,1,2,0,2,1
162371,648,0,648,450,466,11,5,166,355,0,355,200,277,0,277,250,16,0,16,16
162830,73,0,73,3,55,1,0,17,49,0,49,34,6,0,6,6,18,0,18,15
163347,250,0,250,8,73,0,0,177,227,0,227,68,12,0,12,3,11,0,11,2
163408,56,0,56,2,39,0,0,17,49,0,49,34,7,0,7,5,0,0,0,0
163541,140,0,140,9,84,2,2,52,128,0,128,83,12,0,12,1,0,0,0,0
163815,21,0,21,16,16,0,0,5,17,0,17,12,2,0,2,2,2,0,2,2
164535,16,0,16,12,13,0,0,3,2,0,2,2,3,0,3,3,11,0,11,8
164845,52,0,52,0,22,0,1,29,45,0,45,18,3,0,3,3,4,0,4,1
165255,32,0,32,30,30,2,0,0,7,0,7,7,16,0,16,16,9,0,9,7
165556,414,0,414,51,246,0,0,168,339,0,339,191,54,0,54,41,21,0,21,14
165608,8,0,8,6,7,0,0,1,7,0,7,6,1,0,1,1,0,0,0,0
165750,27,5,22,1,11,0,0,11,22,3,19,9,2,1,1,0,3,1,2,2
166498,34,0,34,21,21,4,0,9,23,0,23,12,0,0,0,0,11,0,11,9
166805,15,0,15,10,10,0,0,5,9,0,9,6,1,0,1,1,5,0,5,3
167039,6,0,6,0,4,0,0,2,6,0,6,4,0,0,0,0,0,0,0,0
167871,32,0,32,19,23,0,0,9,16,0,16,12,5,0,5,4,11,0,11,7
168032,2,0,2,0,2,0,0,0,2,0,2,2,0,0,0,0,0,0,0,0
168555,50,0,50,29,30,0,0,20,17,0,17,17,8,0,8,8,25,0,25,5
168573,648,0,648,400,484,0,2,162,486,0,486,363,71,0,71,65,91,0,91,56
168892,19,0,19,7,15,0,0,4,18,0,18,15,0,0,0,0,1,0,1,0
169284,102,0,102,3,45,0,5,52,79,0,79,32,15,0,15,9,8,0,8,4
169503,55,0,55,5,43,1,0,11,35,0,35,28,4,0,4,3,16,0,16,12
169813,13,0,13,1,6,0,0,7,12,0,12,5,0,0,0,0,1,0,1,1
170611,65,0,65,42,48,7,0,10,45,0,45,37,5,0,5,4,15,0,15,7
170736,30,0,30,26,28,0,0,2,22,0,22,22,2,0,2,0,6,0,6,6
171775,25,0,25,2,12,0,0,13,5,0,5,1,0,0,0,0,20,0,20,11
171988,54,0,54,18,39,0,0,15,43,0,43,33,8,0,8,3,3,0,3,3
171997,88,0,88,13,43,0,0,45,78,0,78,37,8,0,8,4,2,0,2,2
172015,102,0,102,12,53,0,0,49,88,0,88,41,11,0,11,9,3,0,3,3
172422,75,0,75,45,60,0,2,13,23,0,23,16,0,0,0,0,52,0,52,44
172495,80,0,80,1,21,1,2,56,42,0,42,0,6,0,6,0,32,0,32,21
172680,19,0,19,1,17,0,0,2,9,0,9,7,4,0,4,4,6,0,6,6
173744,194,0,194,17,129,0,0,65,96,0,96,54,1,0,1,1,97,0,97,74
174190,118,0,118,69,78,1,6,33,66,0,66,43,13,0,13,13,39,0,39,22
174321,34,0,34,1,26,0,0,8,21,0,21,16,4,0,4,2,9,0,9,8
174978,63,0,63,5,39,0,2,22,53,0,53,30,4,0,4,4,6,0,6,5
175120,471,0,471,254,257,0,0,214,284,0,284,168,0,0,0,0,187,0,187,89
175494,71,0,71,50,50,0,0,21,23,0,23,19,0,0,0,0,48,0,48,31
175698,26,0,26,18,21,0,5,0,26,0,26,21,0,0,0,0,0,0,0,0
175722,8,0,8,0,4,0,0,4,8,0,8,4,0,0,0,0,0,0,0,0
176062,17,0,17,0,13,0,0,4,10,0,10,8,0,0,0,0,7,0,7,5
176433,5,0,5,1,5,0,0,0,3,0,3,3,0,0,0,0,2,0,2,2
176716,18,0,18,2,16,0,0,2,14,0,14,12,0,0,0,0,4,0,4,4
176983,44,0,44,35,35,0,0,9,29,0,29,22,0,0,0,0,15,0,15,13
177436,3,0,3,3,3,0,0,0,2,0,2,2,1,0,1,1,0,0,0,0
177588,7,0,7,0,4,0,0,3,7,0,7,4,0,0,0,0,0,0,0,0
177603,1,0,1,0,0,0,0,1,1,0,1,0,0,0,0,0,0,0,0,0
177685,12,0,12,3,8,0,0,4,9,0,9,5,0,0,0,0,3,0,3,3
177931,9,0,9,9,9,0,0,0,8,0,8,8,1,0,1,1,0,0,0,0
178077,20,0,20,2,14,0,0,6,12,0,12,9,1,0,1,1,7,0,7,4
178527,19,0,19,1,10,0,0,9,9,0,9,4,1,0,1,0,9,0,9,6
178828,31,0,31,26,26,0,0,5,25,0,25,25,1,0,1,1,5,0,5,0
179195,7,0,7,2,5,0,0,2,6,0,6,4,0,0,0,0,1,0,1,1
179511,165,0,165,30,87,0,0,78,73,0,73,53,8,0,8,2,84,0,84,32
179991,13,0,13,10,10,0,0,3,4,0,4,4,2,0,2,2,7,0,7,4
180063,27,0,27,3,17,0,0,10,12,0,12,7,4,0,4,3,11,0,11,7
180090,51,0,51,37,41,0,0,10,25,0,25,25,3,0,3,2,23,0,23,14
181880,206,0,206,69,148,0,16,42,137,0,137,97,24,0,24,19,45,0,45,32
182704,1,0,1,0,1,0,0,0,1,0,1,1,0,0,0,0,0,0,0,0
182722,32,0,32,4,21,2,0,9,15,0,15,8,0,0,0,0,17,0,17,13
182892,15,0,15,5,6,0,0,9,4,0,4,4,2,0,2,2,9,0,9,0
182999,14,0,14,2,10,0,0,4,10,0,10,10,0,0,0,0,4,0,4,0
183035,8,0,8,2,8,0,0,0,0,0,0,0,0,0,0,0,8,0,8,8
183202,20,0,20,1,13,0,0,7,6,0,6,4,0,0,0,0,14,0,14,9
183725,191,0,191,22,72,0,0,119,169,0,169,59,8,0,8,5,14,0,14,8
183983,130,0,130,109,109,0,0,21,84,0,84,76,46,0,46,33,0,0,0,0
184056,464,0,464,37,225,0,3,236,379,0,379,174,61,0,61,34,24,0,24,17
184506,46,0,46,1,23,0,2,21,41,0,41,19,5,0,5,4,0,0,0,0
184746,183,1,182,159,159,0,0,23,111,0,111,95,52,1,51,44,20,0,20,20
184816,46,0,46,0,11,0,1,34,43,0,43,9,2,0,2,2,1,0,1,0
185174,37,0,37,34,34,0,0,3,13,0,13,13,10,0,10,10,14,0,14,11
185396,1151,0,1151,615,741,0,1,409,871,0,871,528,186,0,186,141,94,0,94,72
185466,141,0,141,77,123,0,2,16,55,0,55,55,32,0,32,32,54,0,54,36
185767,6,0,6,1,3,0,0,3,6,0,6,3,0,0,0,0,0,0,0,0
185970,23,0,23,1,16,0,0,7,17,0,17,11,5,0,5,4,1,0,1,1
186016,73,0,73,4,53,0,0,20,47,0,47,33,7,0,7,6,19,0,19,14
186274,25,0,25,4,15,0,0,10,15,0,15,7,1,0,1,1,9,0,9,7
186593,36,0,36,0,18,0,0,18,31,0,31,16,3,0,3,1,2,0,2,1
187505,484,0,484,181,235,11,109,129,388,0,388,178,31,0,31,16,65,0,65,41
188289,5,0,5,1,5,0,0,0,4,0,4,4,1,0,1,1,0,0,0,0
188650,363,0,363,300,309,0,0,54,319,0,319,302,2,0,2,2,42,0,42,5
188890,471,1,470,14,316,0,0,154,308,1,307,197,33,0,33,24,130,0,130,95
189219,196,0,196,158,176,0,0,20,102,0,102,90,80,0,80,72,14,0,14,14
189255,98,0,98,62,88,0,3,7,17,0,17,17,7,0,7,7,74,0,74,64
189404,12,0,12,0,9,0,0,3,10,0,10,7,1,0,1,1,1,0,1,1
189468,145,0,145,60,120,0,0,25,74,0,74,61,35,0,35,33,36,0,36,26
189477,2,0,2,0,0,0,0,2,0,0,0,0,0,0,0,0,2,0,2,0
189714,77,0,77,28,56,0,0,21,44,0,44,32,11,0,11,10,22,0,22,14
189990,9,0,9,8,8,0,0,1,2,0,2,1,3,0,3,3,4,0,4,4
190239,37,0,37,0,18,0,0,19,30,0,30,13,5,0,5,4,2,0,2,1
190318,58,0,58,14,42,0,0,16,49,0,49,33,6,0,6,6,3,0,3,3
191311,38,0,38,30,30,0,0,8,4,0,4,4,4,0,4,4,30,0,30,22
191940,70,0,70,49,49,0,0,21,16,0,16,11,5,0,5,4,49,0,49,34
192484,2,0,2,0,1,0,0,1,1,0,1,0,0,0,0,0,1,0,1,1
192800,1,0,1,0,0,0,0,1,0,0,0,0,0,0,0,0,1,0,1,0
193265,52,0,52,50,50,0,0,2,27,0,27,27,17,0,17,16,8,0,8,7
193991,18,0,18,1,13,0,1,4,11,0,11,6,1,0,1,1,6,0,6,6
194259,19,0,19,14,14,0,0,5,9,0,9,9,5,0,5,5,5,0,5,0
194435,23,0,23,5,18,0,0,5,17,0,17,13,1,0,1,1,5,0,5,4
195067,135,0,135,0,56,0,0,79,117,0,117,50,7,0,7,3,11,0,11,3
197337,12,0,12,1,8,0,0,4,12,0,12,8,0,0,0,0,0,0,0,0
198844,143,0,143,53,92,0,51,0,68,0,68,42,0,0,0,0,75,0,75,50
199005,5,0,5,4,4,0,0,1,5,0,5,4,0,0,0,0,0,0,0,0
199078,6,0,6,1,4,0,0,2,5,0,5,3,1,0,1,1,0,0,0,0
199689,27,0,27,0,18,0,0,9,17,0,17,10,1,0,1,1,9,0,9,7
199980,80,1,79,49,49,0,0,30,68,1,67,40,0,0,0,0,12,0,12,9
200846,214,0,214,0,0,24,140,50,84,0,84,0,37,0,37,0,93,0,93,0
201034,65,0,65,47,47,0,13,5,5,0,5,3,5,0,5,2,55,0,55,42
201098,21,0,21,17,17,0,0,4,17,0,17,13,1,0,1,1,3,0,3,3
201131,61,0,61,42,42,0,0,19,52,0,52,35,2,0,2,1,7,0,7,6
201159,125,0,125,30,55,0,28,42,47,0,47,37,12,0,12,10,66,0,66,8
201478,104,0,104,82,82,0,0,22,91,0,91,77,7,0,7,5,6,0,6,0
201496,580,0,580,477,481,0,0,99,106,0,106,106,11,0,11,11,463,0,463,364
201539,19,0,19,14,14,0,0,5,19,0,19,14,0,0,0,0,0,0,0,0
201681,100,0,100,26,31,0,29,40,81,0,81,26,1,0,1,1,18,0,18,4
201803,71,0,71,68,68,0,0,3,70,0,70,68,0,0,0,0,1,0,1,0
202152,96,0,96,1,74,0,0,22,82,0,82,61,3,0,3,2,11,0,11,11
202657,49,0,49,43,43,0,0,6,6,0,6,6,5,0,5,5,38,0,38,32
202888,24,0,24,19,21,0,3,0,24,0,24,21,0,0,0,0,0,0,0,0
202949,140,0,140,96,116,0,0,24,64,0,64,56,17,0,17,15,59,0,59,45
202985,17,0,17,13,15,2,0,0,12,0,12,11,3,0,3,2,2,0,2,2
203030,14,0,14,13,13,0,0,1,8,0,8,7,6,0,6,6,0,0,0,0
203146,251,0,251,186,226,0,0,25,91,0,91,78,47,0,47,47,113,0,113,101
203234,77,0,77,12,37,0,0,40,70,0,70,34,6,0,6,3,1,0,1,0
203942,23,0,23,20,20,0,0,3,16,0,16,13,0,0,0,0,7,0,7,7
204121,21,1,20,19,19,1,0,0,17,1,16,15,4,0,4,4,0,0,0,0
204158,69,0,69,61,61,0,0,8,21,0,21,20,4,0,4,4,44,0,44,37
204431,35,0,35,6,19,4,12,0,27,0,27,14,0,0,0,0,8,0,8,5
204963,78,0,78,57,57,0,0,21,61,0,61,48,7,0,7,2,10,0,10,7
204981,20,0,20,17,17,0,0,3,19,0,19,16,0,0,0,0,1,0,1,1
206039,21,0,21,14,16,0,0,5,17,0,17,12,4,0,4,4,0,0,0,0
206172,50,0,50,23,35,0,0,15,15,0,15,8,0,0,0,0,35,0,35,27
206181,7,0,7,5,5,0,0,2,6,0,6,4,0,0,0,0,1,0,1,1
206321,11,0,11,0,7,0,0,4,11,0,11,7,0,0,0,0,0,0,0,0
206905,50,0,50,44,44,0,6,0,50,0,50,44,0,0,0,0,0,0,0,0
207087,13,0,13,0,7,1,0,5,6,0,6,3,5,0,5,4,2,0,2,0
207102,42,1,41,14,14,0,0,27,29,0,29,12,2,0,2,2,11,1,10,0
207704,26,0,26,2,24,0,0,2,23,0,23,22,2,0,2,2,1,0,1,0
207786,20,0,20,10,15,0,5,0,3,0,3,0,2,0,2,0,15,0,15,15
208044,25,0,25,20,20,0,0,5,17,0,17,13,1,0,1,1,7,0,7,6
208053,46,0,46,25,25,0,0,21,25,0,25,25,0,0,0,0,21,0,21,0
210711,100,0,100,18,54,0,0,46,92,0,92,49,8,0,8,5,0,0,0,0
210748,14,0,14,2,14,0,0,0,5,0,5,5,5,0,5,5,4,0,4,4
210784,210,0,210,56,120,0,0,90,200,0,200,110,10,0,10,10,0,0,0,0
211316,60,0,60,30,51,0,0,9,18,0,18,15,5,0,5,3,37,0,37,33
211334,20,0,20,2,15,0,4,1,9,0,9,9,11,0,11,6,0,0,0,0
212230,22,0,22,1,13,0,0,9,17,0,17,9,3,0,3,2,2,0,2,2
212267,32,0,32,0,19,0,0,13,27,0,27,15,1,0,1,1,4,0,4,3
212276,30,0,30,1,16,0,0,14,21,0,21,10,6,0,6,4,3,0,3,2
212294,34,0,34,2,22,0,1,11,22,0,22,12,7,0,7,6,5,0,5,4
212300,25,0,25,0,17,0,0,8,22,0,22,14,3,0,3,3,0,0,0,0
212328,15,0,15,0,9,0,0,6,10,0,10,5,0,0,0,0,5,0,5,4
212337,30,0,30,1,10,0,0,20,29,0,29,9,1,0,1,1,0,0,0,0
212355,60,0,60,4,43,0,0,17,42,0,42,31,11,0,11,7,7,0,7,5
212382,59,0,59,0,40,0,0,19,51,0,51,34,4,0,4,4,4,0,4,2
212391,38,0,38,2,23,0,1,14,34,0,34,20,3,0,3,2,1,0,1,1
212753,32,0,32,1,23,0,0,9,22,0,22,17,7,0,7,5,3,0,3,1
213330,16,0,16,1,13,0,1,2,7,0,7,7,4,0,4,4,5,0,5,2
213455,84,0,84,67,71,0,0,13,28,0,28,22,34,0,34,31,22,0,22,18
213491,13,0,13,1,6,0,6,1,3,0,3,2,0,0,0,0,10,0,10,4
214476,7,0,7,5,7,0,0,0,3,0,3,3,2,0,2,2,2,0,2,2
214528,91,0,91,14,75,0,0,16,64,0,64,49,13,0,13,13,14,0,14,13
215044,37,0,37,9,31,0,0,6,29,0,29,28,0,0,0,0,8,0,8,3
215336,40,2,38,30,35,0,0,3,14,1,13,12,14,1,13,12,12,0,12,11
215530,16,0,16,2,13,0,0,3,11,0,11,8,3,0,3,3,2,0,2,2
215886,66,0,66,51,51,15,0,0,6,0,6,4,3,0,3,2,57,0,57,45
216074,62,0,62,3,53,0,0,9,11,0,11,11,21,0,21,21,30,0,30,21
216223,60,0,60,22,37,0,0,23,51,0,51,34,9,0,9,3,0,0,0,0
216579,70,0,70,19,42,0,13,15,31,0,31,19,11,0,11,1,28,0,28,22
216746,45,0,45,36,37,0,0,8,13,0,13,11,2,0,2,2,30,0,30,24
217323,650,0,650,323,463,0,0,187,531,0,531,365,105,0,105,88,14,0,14,10
217581,32,0,32,3,20,0,0,12,23,0,23,12,4,0,4,3,5,0,5,5
217794,82,0,82,42,58,0,6,18,62,0,62,49,20,0,20,9,0,0,0,0
217828,44,0,44,25,30,0,5,9,30,0,30,26,5,0,5,0,9,0,9,4
218159,38,0,38,1,15,1,0,22,18,0,18,3,3,0,3,3,17,0,17,9
218195,14,0,14,3,3,1,0,10,9,0,9,1,2,0,2,1,3,0,3,1
219037,7,0,7,0,7,0,0,0,3,0,3,3,1,0,1,1,3,0,3,3
219125,19,0,19,2,11,0,0,8,10,0,10,3,1,0,1,1,8,0,8,7
219453,46,0,46,2,34,0,0,12,22,0,22,13,6,0,6,6,18,0,18,15
219587,44,0,44,5,33,10,1,0,35,0,35,30,9,0,9,3,0,0,0,0
219851,11,0,11,5,6,0,0,5,7,0,7,2,0,0,0,0,4,0,4,4
220163,26,0,26,2,24,2,0,0,21,0,21,21,3,0,3,3,2,0,2,0
220491,15,0,15,1,10,0,0,5,10,0,10,6,1,0,1,1,4,0,4,3
220765,252,0,252,40,110,0,0,142,216,0,216,90,22,0,22,13,14,0,14,7
221829,161,0,161,26,107,1,0,53,71,0,71,47,0,0,0,0,90,0,90,60
223056,46,0,46,10,17,2,7,20,30,0,30,11,6,0,6,6,10,0,10,0
223852,24,4,20,17,17,0,0,3,4,2,2,0,2,2,0,0,18,0,18,17
224013,15,0,15,1,5,0,0,10,11,0,11,4,2,0,2,0,2,0,2,1
224156,43,0,43,5,28,0,0,15,20,0,20,10,10,0,10,9,13,0,13,9
224758,10,0,10,1,3,0,0,7,8,0,8,3,2,0,2,0,0,0,0,0
224828,33,0,33,12,20,3,0,10,29,0,29,16,2,0,2,2,2,0,2,2
225043,8,0,8,8,8,0,0,0,0,0,0,0,0,0,0,0,8,0,8,8
226125,85,0,85,14,51,0,9,25,77,0,77,45,0,0,0,0,8,0,8,6
226860,35,0,35,29,31,0,0,4,22,0,22,19,0,0,0,0,13,0,13,12
227058,32,0,32,0,8,0,3,21,19,0,19,6,4,0,4,1,9,0,9,1
227298,142,0,142,102,118,0,0,24,88,0,88,88,25,0,25,25,29,0,29,5
227313,224,1,223,11,126,0,0,97,171,0,171,97,22,0,22,14,31,1,30,15
227322,244,0,244,14,138,0,0,106,164,0,164,86,35,0,35,26,45,0,45,26
228088,23,0,23,11,20,0,0,3,17,0,17,15,4,0,4,3,2,0,2,2
228185,20,1,19,18,18,1,0,0,19,1,18,18,1,0,1,0,0,0,0,0
228200,254,0,254,166,180,0,0,74,235,0,235,168,9,0,9,8,10,0,10,4
228219,365,0,365,233,244,0,0,121,252,0,252,157,13,0,13,9,100,0,100,78
228282,124,0,124,89,95,2,4,23,114,0,114,90,4,0,4,3,6,0,6,2
229425,18,0,18,1,13,0,1,4,16,0,16,13,2,0,2,0,0,0,0,0
229522,39,0,39,4,8,0,0,31,28,0,28,8,6,0,6,0,5,0,5,0
229656,17,0,17,1,13,0,0,4,16,0,16,12,0,0,0,0,1,0,1,1
230010,214,4,210,109,146,0,2,62,40,0,40,30,0,0,0,0,174,4,170,116
230065,12,0,12,5,7,0,0,5,5,0,5,2,1,0,1,1,6,0,6,4
230144,54,0,54,42,42,2,0,10,36,0,36,25,8,0,8,7,10,0,10,10
230162,227,1,226,69,84,0,0,142,9,0,9,4,0,0,0,0,218,1,217,80
230214,29,0,29,1,11,0,1,17,14,0,14,6,5,0,5,1,10,0,10,4
230490,168,0,168,59,77,0,1,90,9,0,9,2,0,0,0,0,159,0,159,75
230676,111,0,111,85,95,0,0,16,20,0,20,18,0,0,0,0,91,0,91,77
231004,47,0,47,20,25,0,2,20,23,0,23,8,5,0,5,4,19,0,19,13
231280,25,0,25,1,15,0,0,10,16,0,16,7,2,0,2,2,7,0,7,6
231688,22,0,22,20,20,0,0,2,21,0,21,19,0,0,0,0,1,0,1,1
232919,89,0,89,52,52,0,0,37,76,0,76,41,8,0,8,7,5,0,5,4
233286,38,0,38,5,17,0,1,20,31,0,31,12,4,0,4,2,3,0,3,3
233666,10,0,10,0,7,0,0,3,3,0,3,3,3,0,3,3,4,0,4,1
234119,25,0,25,0,4,0,0,21,13,0,13,1,0,0,0,0,12,0,12,3
234924,111,0,111,10,61,0,0,50,84,0,84,40,11,0,11,8,16,0,16,13
235088,184,0,184,162,164,0,0,20,116,0,116,102,51,0,51,45,17,0,17,17
235307,92,0,92,1,27,0,0,65,59,0,59,15,14,0,14,6,19,0,19,6
235352,21,0,21,4,10,0,0,11,9,0,9,3,3,0,3,2,9,0,9,5
235501,298,0,298,219,219,0,0,79,209,0,209,152,40,0,40,31,49,0,49,36
235583,38,0,38,0,24,0,0,14,23,0,23,13,3,0,3,3,12,0,12,8
236018,11,0,11,11,11,0,0,0,0,0,0,0,0,0,0,0,11,0,11,11
236744,30,1,29,8,15,0,1,13,19,1,18,10,1,0,1,0,10,0,10,5
237127,24,0,24,0,18,0,0,6,24,0,24,18,0,0,0,0,0,0,0,0
237145,1,0,1,1,1,0,0,0,1,0,1,1,0,0,0,0,0,0,0,0
237172,33,0,33,25,25,0,0,8,25,0,25,18,0,0,0,0,8,0,8,7
237242,36,0,36,35,35,0,1,0,30,0,30,30,0,0,0,0,6,0,6,5
237473,53,0,53,44,44,0,0,9,24,0,24,24,0,0,0,0,29,0,29,20
237491,30,8,22,3,18,0,1,3,10,2,8,4,0,0,0,0,20,6,14,14
237561,14,0,14,13,13,0,0,1,8,0,8,8,0,0,0,0,6,0,6,5
237729,63,0,63,50,50,0,0,13,42,0,42,31,0,0,0,0,21,0,21,19
239877,21,0,21,6,13,1,0,7,15,0,15,10,3,0,3,2,3,0,3,1
240709,52,0,52,23,37,0,0,15,44,0,44,31,4,0,4,4,4,0,4,2
240879,426,0,426,10,200,0,226,0,375,0,375,200,0,0,0,0,51,0,51,0
241906,147,0,147,102,102,0,0,45,147,0,147,102,0,0,0,0,0,0,0,0
242945,167,0,167,20,129,0,0,38,160,0,160,125,0,0,0,0,7,0,7,4
242954,76,0,76,10,49,0,0,27,72,0,72,47,0,0,0,0,4,0,4,2
244613,94,0,94,73,73,0,11,10,34,0,34,24,60,0,60,49,0,0,0,0
245281,3,0,3,1,3,0,0,0,3,0,3,3,0,0,0,0,0,0,0,0
245980,20,0,20,11,18,0,0,2,16,0,16,16,3,0,3,2,1,0,1,0
245999,260,0,260,125,157,0,2,101,74,0,74,58,0,0,0,0,186,0,186,99
246017,486,0,486,59,236,45,0,205,56,0,56,21,0,0,0,0,430,0,430,215
246035,163,1,162,40,100,0,30,32,103,1,102,58,13,0,13,12,47,0,47,30
246071,23,0,23,18,18,0,0,5,9,0,9,6,3,0,3,2,11,0,11,10
246406,25,0,25,0,7,4,14,0,25,0,25,7,0,0,0,0,0,0,0,0
246415,3,0,3,1,1,0,1,1,0,0,0,0,0,0,0,0,3,0,3,1
246460,159,0,159,81,98,5,2,54,133,0,133,72,0,0,0,0,26,0,26,26
246895,198,0,198,9,65,0,0,133,94,0,94,22,7,0,7,1,97,0,97,42
247010,34,0,34,1,20,0,2,12,18,0,18,11,3,0,3,2,13,0,13,7
247047,36,0,36,12,27,0,0,9,17,0,17,13,4,0,4,2,15,0,15,12
247153,47,0,47,8,15,0,0,32,31,0,31,10,0,0,0,0,16,0,16,5
247409,96,0,96,30,54,1,0,41,88,0,88,48,5,0,5,5,3,0,3,1
248192,14,0,14,4,7,0,0,7,11,0,11,6,0,0,0,0,3,0,3,1
248527,8,0,8,1,3,1,3,1,8,0,8,3,0,0,0,0,0,0,0,0
248624,31,0,31,14,26,0,0,5,25,0,25,21,4,0,4,4,2,0,2,1
248633,25,0,25,16,17,0,0,8,14,0,14,11,6,0,6,3,5,0,5,3
248660,15,0,15,1,4,0,0,11,10,0,10,2,2,0,2,2,3,0,3,0
248703,123,0,123,4,73,0,0,50,84,0,84,50,22,0,22,15,17,0,17,8
249061,9,0,9,9,9,0,0,0,1,0,1,1,3,0,3,3,5,0,5,5
249238,54,0,54,2,32,0,0,22,38,0,38,18,4,0,4,4,12,0,12,10
250744,83,0,83,19,39,0,0,44,61,0,61,22,0,0,0,0,22,0,22,17
250902,23,1,22,19,19,1,0,2,19,1,18,15,4,0,4,4,0,0,0,0
250993,21,0,21,9,9,0,0,12,14,0,14,7,0,0,0,0,7,0,7,2
260336,21,0,21,18,18,0,0,3,9,0,9,8,6,0,6,6,6,0,6,4
260363,6,0,6,4,5,0,0,1,4,0,4,3,1,0,1,1,1,0,1,1
260664,396,0,396,296,302,0,0,94,182,0,182,123,9,0,9,8,205,0,205,171
260929,117,0,117,23,77,0,0,40,70,0,70,41,19,0,19,16,28,0,28,20
260965,37,0,37,5,24,0,0,13,27,0,27,17,7,0,7,5,3,0,3,2
261676,30,0,30,13,23,0,0,7,22,0,22,18,2,0,2,2,6,0,6,3
261685,36,0,36,5,20,0,0,16,32,0,32,18,2,0,2,1,2,0,2,1
261719,224,0,224,82,103,0,0,121,66,0,66,5,0,0,0,0,158,0,158,98
261773,16,0,16,15,15,0,0,1,8,0,8,8,3,0,3,3,5,0,5,4
262341,505,0,505,60,252,0,2,251,264,0,264,110,77,0,77,58,164,0,164,84
262369,90,0,90,19,63,4,0,23,62,0,62,38,4,0,4,2,24,0,24,23
262466,1,0,1,1,1,0,0,0,1,0,1,1,0,0,0,0,0,0,0,0
362700,56,0,56,4,31,0,4,21,1,0,1,1,14,0,14,9,41,0,41,21
362782,51,0,51,3,37,0,0,14,19,0,19,13,8,0,8,6,24,0,24,18
363013,32,0,32,18,23,0,0,9,28,0,28,19,3,0,3,3,1,0,1,1
363679,84,0,84,0,84,0,0,0,35,0,35,35,11,0,11,11,38,0,38,38
364627,60,0,60,13,31,0,5,24,39,0,39,22,0,0,0,0,21,0,21,9
364636,28,0,28,18,18,0,0,10,19,0,19,11,4,0,4,3,5,0,5,4
364760,17,0,17,9,9,0,0,8,13,0,13,7,0,0,0,0,4,0,4,2
364946,22,0,22,12,14,1,0,7,10,0,10,10,0,0,0,0,12,0,12,4
364964,44,0,44,26,26,0,0,18,35,0,35,20,1,0,1,1,8,0,8,5
365091,35,0,35,2,26,0,0,9,27,0,27,20,3,0,3,2,5,0,5,4
365125,37,0,37,0,3,0,0,34,24,0,24,1,7,0,7,1,6,0,6,1
365198,65,0,65,21,21,0,23,21,31,0,31,0,0,0,0,0,34,0,34,21
365240,16,0,16,16,16,0,0,0,6,0,6,6,1,0,1,1,9,0,9,9
365383,30,0,30,12,12,0,0,18,23,0,23,10,1,0,1,0,6,0,6,2
365505,27,0,27,19,19,0,0,8,14,0,14,8,1,0,1,1,12,0,12,10
365763,14,0,14,13,13,0,0,1,7,0,7,6,0,0,0,0,7,0,7,7
365824,105,0,105,13,64,0,0,41,91,0,91,54,10,0,10,8,4,0,4,2
365833,114,0,114,15,69,0,0,45,93,0,93,57,11,0,11,7,10,0,10,5
366155,5,0,5,0,3,0,2,0,5,0,5,3,0,0,0,0,0,0,0,0
366289,251,0,251,175,175,0,0,76,130,0,130,130,0,0,0,0,121,0,121,45
366438,56,0,56,8,33,0,15,8,51,0,51,29,5,0,5,4,0,0,0,0
366623,3,0,3,2,2,0,0,1,1,0,1,1,0,0,0,0,2,0,2,1
366632,30,0,30,17,17,0,13,0,24,0,24,15,5,0,5,1,1,0,1,1
367051,51,0,51,38,44,0,7,0,46,0,46,40,5,0,5,4,0,0,0,0
367088,19,0,19,1,13,0,0,6,10,0,10,4,5,0,5,5,4,0,4,4
367158,50,0,50,6,30,1,0,19,42,0,42,26,6,0,6,3,2,0,2,1
367334,200,0,200,130,177,0,0,23,162,0,162,143,20,0,20,19,18,0,18,15
367431,23,0,23,4,12,0,8,3,13,0,13,5,1,0,1,1,9,0,9,6
367981,10,0,10,0,9,0,0,1,5,0,5,5,0,0,0,0,5,0,5,4
368230,39,0,39,0,12,0,0,27,37,0,37,11,1,0,1,1,1,0,1,0
368364,107,0,107,80,80,0,0,27,68,0,68,43,0,0,0,0,39,0,39,37
368407,4,0,4,4,4,0,0,0,1,0,1,1,3,0,3,3,0,0,0,0
368540,19,0,19,4,6,0,0,13,13,0,13,4,3,0,3,1,3,0,3,1
368647,16,0,16,15,15,0,0,1,5,0,5,5,0,0,0,0,11,0,11,10
368771,161,0,161,72,147,0,0,14,57,0,57,52,104,0,104,95,0,0,0,0
368832,16,0,16,0,10,0,2,4,16,0,16,10,0,0,0,0,0,0,0,0
369446,50,0,50,40,50,0,0,0,27,0,27,27,0,0,0,0,23,0,23,23
369686,231,0,231,167,195,0,36,0,231,0,231,195,0,0,0,0,0,0,0,0
369695,82,0,82,68,75,0,1,6,33,0,33,30,0,0,0,0,49,0,49,45
369783,354,0,354,273,298,0,0,56,303,0,303,255,18,0,18,15,33,0,33,28
369950,69,0,69,15,54,0,0,15,25,0,25,19,0,0,0,0,44,0,44,35
371052,219,0,219,55,122,0,0,97,211,0,211,116,5,0,5,5,3,0,3,1
371830,26,0,26,4,9,0,0,17,15,0,15,9,6,0,6,0,5,0,5,0
371964,217,1,216,129,166,0,4,46,154,1,153,115,36,0,36,32,27,0,27,19
372028,57,0,57,4,33,2,0,22,33,0,33,19,4,0,4,4,20,0,20,10
372082,61,0,61,43,49,0,0,12,42,0,42,31,0,0,0,0,19,0,19,18
372356,115,0,115,55,85,0,0,30,69,0,69,43,6,0,6,2,40,0,40,40
372462,34,0,34,3,11,1,0,22,23,0,23,5,0,0,0,0,11,0,11,6
373216,68,0,68,64,65,0,0,3,26,0,26,23,9,0,9,9,33,0,33,33
373456,21,0,21,6,17,0,4,0,11,0,11,9,10,0,10,8,0,0,0,0
373526,327,0,327,238,241,0,0,86,174,0,174,119,21,0,21,16,132,0,132,106
373678,50,0,50,2,39,0,0,11,26,0,26,21,0,0,0,0,24,0,24,18
373696,39,2,37,0,26,0,0,11,26,1,25,14,4,0,4,4,9,1,8,8
373711,12,0,12,8,9,0,0,3,5,0,5,3,2,0,2,1,5,0,5,5
373784,408,0,408,95,187,0,0,221,330,0,330,167,13,0,13,9,65,0,65,11
374316,10,0,10,2,5,0,0,5,8,0,8,3,0,0,0,0,2,0,2,2
374343,10,0,10,6,6,0,0,4,3,0,3,1,0,0,0,0,7,0,7,5
374574,555,0,555,53,286,0,6,263,468,0,468,230,53,0,53,33,34,0,34,23
374592,74,10,64,30,35,0,0,29,49,5,44,27,10,1,9,5,15,4,11,3
375106,83,0,83,19,63,0,0,20,48,0,48,32,7,0,7,6,28,0,28,25
375373,2,0,2,0,0,0,0,2,2,0,2,0,0,0,0,0,0,0,0,0
375540,75,0,75,64,64,0,0,11,27,0,27,27,2,0,2,2,46,0,46,35
375568,55,0,55,0,48,0,0,7,0,0,0,0,0,0,0,0,55,0,55,48
375656,21,0,21,10,14,0,0,7,12,0,12,7,0,0,0,0,9,0,9,7
375726,209,1,208,55,98,2,28,80,115,0,115,50,0,0,0,0,94,1,93,48
375966,8,0,8,1,6,0,0,2,3,0,3,3,5,0,5,3,0,0,0,0
375984,87,0,87,0,34,0,2,51,84,0,84,32,2,0,2,1,1,0,1,1
376242,61,0,61,34,34,0,0,27,61,0,61,34,0,0,0,0,0,0,0,0
376288,51,0,51,34,34,0,0,17,51,0,51,34,0,0,0,0,0,0,0,0
376330,23,0,23,16,16,0,7,0,23,0,23,16,0,0,0,0,0,0,0,0
376446,3,0,3,0,2,0,0,1,3,0,3,2,0,0,0,0,0,0,0,0
376631,8,0,8,5,7,0,0,1,6,0,6,5,1,0,1,1,1,0,1,1
376677,27,0,27,1,15,0,0,12,21,0,21,11,0,0,0,0,6,0,6,4
377193,2,0,2,0,0,0,0,2,0,0,0,0,0,0,0,0,2,0,2,0
377272,29,0,29,21,23,0,2,4,27,0,27,22,1,0,1,1,1,0,1,0
377281,72,0,72,57,63,0,2,7,69,0,69,61,2,0,2,2,1,0,1,0
377315,76,0,76,50,58,0,0,18,62,0,62,46,6,0,6,4,8,0,8,8
377449,29,0,29,21,21,0,0,8,27,0,27,20,2,0,2,1,0,0,0,0
377485,8,0,8,3,3,0,0,5,3,0,3,1,0,0,0,0,5,0,5,2
377759,35,0,35,4,9,0,17,9,26,0,26,7,6,0,6,1,3,0,3,1
378886,33,0,33,26,26,0,0,7,25,0,25,21,6,0,6,3,2,0,2,2
379621,25,0,25,22,23,0,0,2,17,0,17,17,5,0,5,5,3,0,3,1
380067,48,0,48,38,38,0,1,9,43,0,43,38,0,0,0,0,5,0,5,0
381255,44,0,44,0,26,0,0,18,34,0,34,22,1,0,1,0,9,0,9,4
381282,48,0,48,0,28,0,0,20,13,0,13,6,0,0,0,0,35,0,35,22
381325,66,0,66,0,19,0,0,47,28,0,28,13,2,0,2,1,36,0,36,5
381370,220,0,220,67,165,0,2,53,172,0,172,122,23,0,23,22,25,0,25,21
381404,223,0,223,7,94,0,0,129,187,0,187,77,10,0,10,7,26,0,26,10
381699,39,0,39,20,28,0,0,11,30,0,30,20,5,0,5,4,4,0,4,4
381732,1,0,1,1,1,0,0,0,0,0,0,0,0,0,0,0,1,0,1,1
382258,25,0,25,0,19,0,3,3,15,0,15,10,0,0,0,0,10,0,10,9
382416,11,0,11,7,9,0,0,2,3,0,3,1,3,0,3,3,5,0,5,5
382461,6,0,6,0,4,0,0,2,4,0,4,3,0,0,0,0,2,0,2,1
382780,165,0,165,87,96,0,1,68,149,0,149,88,9,0,9,5,7,0,7,3
383163,73,0,73,1,72,0,1,0,15,0,15,15,5,0,5,5,53,0,53,52
383279,18,0,18,2,11,0,0,7,14,0,14,8,0,0,0,0,4,0,4,3
383297,10,0,10,0,9,0,0,1,7,0,7,6,3,0,3,3,0,0,0,0
383312,104,0,104,94,94,0,2,8,58,0,58,58,0,0,0,0,46,0,46,36
383330,37,0,37,18,19,0,0,18,30,0,30,14,3,0,3,2,4,0,4,3
383367,102,0,102,68,68,0,0,34,65,0,65,47,12,0,12,8,25,0,25,13
383464,146,0,146,46,90,1,9,46,110,0,110,54,0,0,0,0,36,0,36,36
383525,104,0,104,64,64,0,0,40,98,0,98,64,2,0,2,0,4,0,4,0
383765,63,0,63,0,24,0,0,39,57,0,57,21,3,0,3,1,3,0,3,2
384236,466,4,462,75,229,12,4,217,448,4,444,214,9,0,9,8,9,0,9,7
384245,407,0,407,108,283,3,1,120,367,0,367,251,12,0,12,10,28,0,28,22
385132,47,0,47,24,37,0,0,10,30,0,30,23,7,0,7,7,10,0,10,7
387925,32,0,32,5,25,0,0,7,26,0,26,23,1,0,1,1,5,0,5,1
389860,118,0,118,102,109,0,0,9,22,0,22,14,6,0,6,5,90,0,90,90
390905,35,0,35,24,24,0,0,11,27,0,27,18,3,0,3,3,5,0,5,3
391005,10,0,10,1,7,0,0,3,10,0,10,7,0,0,0,0,0,0,0,0
393861,287,0,287,1,238,0,0,49,24,0,24,23,0,0,0,0,263,0,263,215
395690,381,0,381,262,279,0,0,102,330,0,330,279,5,0,5,0,46,0,46,0
397942,559,0,559,102,275,1,4,279,531,0,531,253,7,0,7,4,21,0,21,18
400080,1050,7,1043,546,773,10,0,260,120,0,120,120,9,0,9,9,921,7,914,644
400187,214,0,214,107,197,0,7,10,142,0,142,134,72,0,72,63,0,0,0,0
401764,28,1,27,9,21,0,0,6,17,1,16,15,1,0,1,1,10,0,10,5
402563,50,0,50,11,34,0,0,16,42,0,42,28,6,0,6,6,2,0,2,0
402800,39,0,39,1,30,0,0,9,27,0,27,20,4,0,4,2,8,0,8,8
404684,262,0,262,191,191,0,0,71,179,0,179,117,0,0,0,0,83,0,83,74
404718,65,0,65,9,35,0,11,19,40,0,40,14,6,0,6,2,19,0,19,19
405076,859,0,859,419,619,0,0,240,652,0,652,459,27,0,27,12,180,0,180,148
406149,44,0,44,25,29,0,3,12,31,0,31,18,6,0,6,6,7,0,7,5
406325,19,0,19,16,16,0,0,3,17,0,17,15,2,0,2,1,0,0,0,0
406361,10,0,10,7,7,0,0,3,8,0,8,6,1,0,1,1,1,0,1,0
406422,53,0,53,41,41,0,0,12,29,0,29,26,17,0,17,10,7,0,7,5
406486,11,0,11,4,4,0,4,3,5,0,5,3,1,0,1,1,5,0,5,0
407090,66,0,66,0,48,0,0,18,37,0,37,28,17,0,17,17,12,0,12,3
407142,34,0,34,8,29,0,0,5,16,0,16,12,0,0,0,0,18,0,18,17
407151,26,0,26,16,16,0,0,10,16,0,16,8,7,0,7,5,3,0,3,3
407179,30,0,30,0,16,0,0,14,26,0,26,13,2,0,2,2,2,0,2,1
407434,15,0,15,6,12,0,0,3,10,0,10,9,2,0,2,2,3,0,3,1
407461,67,0,67,53,53,0,0,14,35,0,35,25,10,0,10,8,22,0,22,20
407470,80,0,80,1,24,0,5,51,76,0,76,24,1,0,1,0,3,0,3,0
407489,38,0,38,31,31,0,2,5,29,0,29,29,2,0,2,2,7,0,7,0
407513,47,0,47,42,42,0,0,5,28,0,28,25,6,0,6,5,13,0,13,12
407577,103,0,103,70,75,0,0,28,77,0,77,75,26,0,26,0,0,0,0,0
407595,85,0,85,78,78,0,0,7,45,0,45,45,20,0,20,20,20,0,20,13
407683,37,0,37,1,19,0,1,17,18,0,18,0,0,0,0,0,19,0,19,19
407708,99,0,99,0,50,0,0,49,54,0,54,23,21,0,21,12,24,0,24,15
407735,31,0,31,2,20,0,2,9,22,0,22,13,5,0,5,3,4,0,4,4
407832,55,0,55,46,49,0,0,6,23,0,23,19,8,0,8,8,24,0,24,22
408066,41,0,41,2,23,0,0,18,23,0,23,12,2,0,2,2,16,0,16,9
408163,12,0,12,4,6,0,2,4,6,0,6,2,2,0,2,0,4,0,4,4
408385,1027,0,1027,619,744,0,0,283,808,0,808,537,35,0,35,30,184,0,184,177
408862,64,0,64,39,52,0,2,10,53,0,53,42,2,0,2,2,9,0,9,8
409032,312,0,312,224,224,0,11,77,312,0,312,224,0,0,0,0,0,0,0,0
409120,42,0,42,28,28,0,0,14,36,0,36,25,1,0,1,1,5,0,5,2
409193,32,0,32,31,31,0,0,1,32,0,32,31,0,0,0,0,0,0,0,0
409591,13,0,13,11,11,0,0,2,8,0,8,8,1,0,1,1,4,0,4,2
410797,89,0,89,59,64,0,0,25,77,0,77,55,7,0,7,5,5,0,5,4
410964,5,0,5,1,4,0,0,1,3,0,3,3,2,0,2,1,0,0,0,0
411684,2,0,2,0,2,0,0,0,2,0,2,2,0,0,0,0,0,0,0,0
412535,19,0,19,16,16,0,0,3,9,0,9,7,1,0,1,1,9,0,9,8
412544,31,0,31,1,24,0,0,7,14,0,14,10,2,0,2,1,15,0,15,13
413176,38,0,38,32,32,0,0,6,29,0,29,28,0,0,0,0,9,0,9,4
413820,23,0,23,19,19,0,2,2,20,0,20,16,3,0,3,3,0,0,0,0
413893,851,3,848,112,418,0,9,421,816,3,813,396,18,0,18,13,17,0,17,9
413972,24,0,24,23,23,0,0,1,16,0,16,16,5,0,5,5,3,0,3,2
414063,37,0,37,3,33,0,0,4,13,0,13,11,12,0,12,11,12,0,12,11
414124,234,1,233,14,179,0,19,35,149,0,149,112,25,0,25,20,60,1,59,47
414489,95,0,95,11,48,2,19,26,57,0,57,26,6,0,6,4,32,0,32,18
414540,117,0,117,53,86,0,0,31,52,0,52,29,21,0,21,18,44,0,44,39
414869,1,0,1,0,0,0,0,1,1,0,1,0,0,0,0,0,0,0,0,0
415039,31,0,31,0,19,0,0,12,25,0,25,15,3,0,3,2,3,0,3,2
415057,75,0,75,63,63,0,0,12,37,0,37,27,21,0,21,20,17,0,17,16
415987,215,0,215,183,185,0,0,30,209,0,209,180,6,0,6,5,0,0,0,0
417008,61,0,61,0,38,0,1,22,40,0,40,23,4,0,4,4,17,0,17,11
417062,24,0,24,0,13,0,0,11,17,0,17,6,0,0,0,0,7,0,7,7
417105,190,0,190,66,102,0,88,0,82,0,82,44,0,0,0,0,108,0,108,58
417123,90,8,82,51,56,0,6,20,54,4,50,35,8,1,7,2,28,3,25,19
417442,23,0,23,14,16,6,1,0,15,0,15,12,8,0,8,4,0,0,0,0
417503,157,0,157,2,155,0,0,2,90,0,90,90,5,0,5,5,62,0,62,60
417600,22,0,22,8,13,0,0,9,10,0,10,4,5,0,5,5,7,0,7,4
417628,5,0,5,5,5,0,0,0,4,0,4,4,0,0,0,0,1,0,1,1
417637,53,0,53,48,48,0,0,5,41,0,41,41,5,0,5,5,7,0,7,2
417646,10,0,10,5,5,0,0,5,10,0,10,5,0,0,0,0,0,0,0,0
417655,21,0,21,18,18,3,0,0,15,0,15,12,1,0,1,1,5,0,5,5
417682,4,0,4,4,4,0,0,0,4,0,4,4,0,0,0,0,0,0,0,0
417716,12,0,12,5,5,0,0,7,11,0,11,4,1,0,1,1,0,0,0,0
417725,15,0,15,3,7,0,0,8,13,0,13,5,0,0,0,0,2,0,2,2
417831,82,0,82,55,55,1,0,26,19,0,19,19,2,0,2,2,61,0,61,34
417840,97,0,97,22,40,0,4,53,90,0,90,35,6,0,6,5,1,0,1,0
417868,33,0,33,23,23,0,0,10,13,0,13,10,7,0,7,6,13,0,13,7
417886,5,0,5,2,2,0,0,3,5,0,5,2,0,0,0,0,0,0,0,0
417910,29,0,29,27,27,0,0,2,19,0,19,19,8,0,8,8,2,0,2,0
417992,7,0,7,7,7,0,0,0,5,0,5,5,1,0,1,1,1,0,1,1
418001,5,0,5,1,3,0,0,2,1,0,1,0,2,0,2,2,2,0,2,1
418010,6,0,6,5,5,0,0,1,5,0,5,4,1,0,1,1,0,0,0,0
418029,7,0,7,5,5,0,0,2,6,0,6,5,1,0,1,0,0,0,0,0
418038,23,0,23,18,18,0,5,0,21,0,21,18,1,0,1,0,1,0,1,0
418065,64,0,64,42,42,0,0,22,25,0,25,18,5,0,5,4,34,0,34,20
418083,2,0,2,2,2,0,0,0,0,0,0,0,1,0,1,1,1,0,1,1
418171,5,0,5,0,0,0,5,0,1,0,1,0,0,0,0,0,4,0,4,0
418199,47,0,47,33,33,0,0,14,17,0,17,12,0,0,0,0,30,0,30,21
418205,43,0,43,30,31,0,0,12,28,0,28,26,5,0,5,5,10,0,10,0
418223,41,0,41,31,34,0,0,7,32,0,32,31,0,0,0,0,9,0,9,3
418250,35,0,35,35,35,0,0,0,0,0,0,0,0,0,0,0,35,0,35,35
418269,166,0,166,90,103,0,0,63,161,0,161,100,3,0,3,2,2,0,2,1
418278,22,0,22,19,19,0,0,3,2,0,2,2,0,0,0,0,20,0,20,17
418302,35,0,35,26,26,0,0,9,26,0,26,19,0,0,0,0,9,0,9,7
418320,19,0,19,17,17,0,0,2,4,0,4,2,0,0,0,0,15,0,15,15
418348,42,2,40,35,35,0,0,5,10,0,10,9,0,0,0,0,32,2,30,26
418357,42,0,42,36,38,3,1,0,40,0,40,38,0,0,0,0,2,0,2,0
418409,49,0,49,42,42,0,0,7,33,0,33,33,9,0,9,9,7,0,7,0
418427,38,0,38,22,29,0,0,9,17,0,17,17,2,0,2,2,19,0,19,10
418445,12,0,12,4,4,0,0,8,6,0,6,4,5,0,5,0,1,0,1,0
418454,168,0,168,119,119,0,0,49,117,0,117,71,30,0,30,29,21,0,21,19
418481,25,0,25,20,20,0,0,5,13,0,13,11,6,0,6,6,6,0,6,3
418515,47,0,47,39,42,0,4,1,34,0,34,30,10,0,10,9,3,0,3,3
418524,33,0,33,15,15,0,1,17,22,0,22,10,10,0,10,5,1,0,1,0
418542,71,0,71,33,41,0,0,30,43,0,43,24,16,0,16,11,12,0,12,6
418560,22,0,22,11,16,0,0,6,12,0,12,10,7,0,7,4,3,0,3,2
418588,17,0,17,11,11,0,0,6,11,0,11,7,4,0,4,4,2,0,2,0
418658,463,0,463,73,221,0,0,242,292,0,292,125,18,0,18,13,153,0,153,83
418764,3,0,3,0,0,0,0,3,3,0,3,0,0,0,0,0,0,0,0,0
418773,188,1,187,31,101,0,11,75,187,1,186,101,0,0,0,0,1,0,1,0
418782,150,0,150,105,106,0,0,44,142,0,142,98,2,0,2,2,6,0,6,6
418913,4,0,4,1,1,0,0,3,4,0,4,1,0,0,0,0,0,0,0,0
418968,26,0,26,0,7,0,5,14,25,0,25,7,0,0,0,0,1,0,1,0
419031,9,0,9,9,9,0,0,0,9,0,9,9,0,0,0,0,0,0,0,0
419095,24,0,24,21,21,0,0,3,10,0,10,9,0,0,0,0,14,0,14,12
419217,2,0,2,1,1,0,0,1,2,0,2,1,0,0,0,0,0,0,0,0
419235,169,2,167,62,134,2,2,29,134,2,132,101,2,0,2,2,33,0,33,31
419253,56,0,56,32,36,0,0,20,44,0,44,28,5,0,5,3,7,0,7,5
419280,19,0,19,1,18,0,1,0,18,0,18,17,0,0,0,0,1,0,1,1
419420,32,0,32,25,25,0,0,7,19,0,19,12,0,0,0,0,13,0,13,13
419484,11,0,11,5,5,0,0,6,10,0,10,5,1,0,1,0,0,0,0,0
419633,75,0,75,48,53,0,0,22,61,0,61,44,5,0,5,4,9,0,9,5
419703,315,0,315,220,222,0,0,93,305,0,305,216,5,0,5,4,5,0,5,2
419712,98,0,98,74,75,0,0,23,97,0,97,74,0,0,0,0,1,0,1,1
419721,147,0,147,103,105,0,0,42,142,0,142,103,2,0,2,1,3,0,3,1
420130,151,0,151,40,70,0,0,81,122,0,122,51,8,0,8,6,21,0,21,13
420255,53,0,53,41,41,0,0,12,40,0,40,40,4,0,4,1,9,0,9,0
421610,35,0,35,5,25,1,0,9,10,0,10,4,0,0,0,0,25,0,25,21
421665,2,0,2,0,0,0,0,2,2,0,2,0,0,0,0,0,0,0,0,0
421717,9,0,9,5,5,0,0,4,3,0,3,2,0,0,0,0,6,0,6,3
421771,9,0,9,1,4,0,0,5,8,0,8,4,1,0,1,0,0,0,0,0
421896,167,0,167,134,148,0,0,19,128,0,128,128,0,0,0,0,39,0,39,20
423397,363,0,363,178,194,0,13,156,341,0,341,175,0,0,0,0,22,0,22,19
423412,26,0,26,5,9,0,11,6,19,0,19,6,0,0,0,0,7,0,7,3
425986,43,0,43,5,12,0,0,31,39,0,39,10,4,0,4,2,0,0,0,0
427335,61,0,61,0,5,0,2,54,10,0,10,0,34,0,34,0,17,0,17,5
427894,53,0,53,0,41,0,0,12,44,0,44,33,1,0,1,1,8,0,8,7
427982,16,0,16,10,10,0,0,6,14,0,14,8,1,0,1,1,1,0,1,1
427991,430,0,430,168,198,0,0,232,219,0,219,175,0,0,0,0,211,0,211,23
428019,19,0,19,15,15,0,0,4,14,0,14,13,0,0,0,0,5,0,5,2
428125,12,0,12,2,8,0,0,4,10,0,10,6,0,0,0,0,2,0,2,2
430227,29,0,29,0,13,0,0,16,27,0,27,11,1,0,1,1,1,0,1,1
430245,831,0,831,381,584,0,0,247,548,0,548,358,36,0,36,7,247,0,247,219
430306,11,0,11,2,9,0,0,2,4,0,4,4,5,0,5,5,2,0,2,0
430403,145,0,145,36,75,0,0,70,123,0,123,63,5,0,5,5,17,0,17,7
430564,14,0,14,5,9,0,0,5,5,0,5,5,2,0,2,2,7,0,7,2
430582,370,0,370,288,310,0,12,48,272,0,272,232,10,0,10,8,88,0,88,70
430883,6,0,6,2,3,0,0,3,6,0,6,3,0,0,0,0,0,0,0,0
430908,29,0,29,21,21,0,0,8,14,0,14,8,7,0,7,7,8,0,8,6
430971,36,0,36,3,33,0,0,3,29,0,29,28,0,0,0,0,7,0,7,5
431017,27,0,27,15,15,0,1,11,18,0,18,12,0,0,0,0,9,0,9,3
431071,7,0,7,5,7,0,0,0,3,0,3,3,3,0,3,3,1,0,1,1
431105,12,0,12,3,3,0,8,1,5,0,5,3,7,0,7,0,0,0,0,0
431123,256,0,256,224,224,0,0,32,224,0,224,224,0,0,0,0,32,0,32,0
431187,43,0,43,29,29,0,0,14,24,0,24,10,0,0,0,0,19,0,19,19
431196,5,0,5,4,4,0,0,1,5,0,5,4,0,0,0,0,0,0,0,0
431275,3,0,3,0,0,0,0,3,2,0,2,0,1,0,1,0,0,0,0,0
431284,31,0,31,15,30,0,0,1,15,0,15,14,0,0,0,0,16,0,16,16
431558,321,0,321,208,245,0,0,76,169,0,169,129,0,0,0,0,152,0,152,116
431716,368,0,368,280,280,0,0,88,157,0,157,157,17,0,17,17,194,0,194,106
432117,43,0,43,6,23,0,0,20,23,0,23,9,6,0,6,4,14,0,14,10
432269,55,0,55,0,29,0,0,26,54,0,54,23,0,0,0,0,1,0,1,6
433040,40,0,40,0,30,0,0,10,13,0,13,13,10,0,10,10,17,0,17,7
433068,214,0,214,201,201,0,0,13,169,0,169,169,0,0,0,0,45,0,45,32
433101,617,0,617,97,377,0,12,228,485,0,485,288,90,0,90,61,42,0,42,28
433138,87,0,87,60,60,0,0,27,54,0,54,40,13,0,13,9,20,0,20,11
434274,45,0,45,1,38,0,0,7,45,0,45,38,0,0,0,0,0,0,0,0
434283,29,0,29,5,5,0,6,18,13,0,13,2,16,0,16,3,0,0,0,0
434308,110,0,110,18,73,0,0,37,80,0,80,71,1,0,1,0,29,0,29,2
434344,107,0,107,5,89,0,0,18,59,0,59,45,18,0,18,18,30,0,30,26
434362,30,0,30,20,20,0,0,10,9,0,9,6,7,0,7,7,14,0,14,7
434496,67,0,67,36,47,0,0,20,39,0,39,24,4,0,4,4,24,0,24,19
436030,95,0,95,4,48,4,0,43,86,0,86,41,9,0,9,7,0,0,0,0
436553,15,0,15,13,14,0,0,1,14,0,14,14,0,0,0,0,1,0,1,0
436632,83,0,83,42,59,0,1,23,69,0,69,47,7,0,7,5,7,0,7,7
436641,72,0,72,23,38,0,0,34,63,0,63,30,3,0,3,2,6,0,6,6
436650,89,0,89,30,48,0,0,41,74,0,74,38,2,0,2,1,13,0,13,9
436775,45,0,45,21,34,0,0,11,23,0,23,16,7,0,7,5,15,0,15,13
437556,881,0,881,587,587,0,0,294,736,0,736,464,70,0,70,60,75,0,75,63
437608,123,0,123,5,45,0,25,53,109,0,109,43,0,0,0,0,14,0,14,2
437723,83,0,83,24,59,0,0,24,42,0,42,30,0,0,0,0,41,0,41,29
437778,161,0,161,9,67,0,0,94,126,0,126,54,7,0,7,3,28,0,28,10
437857,29,0,29,2,22,0,0,7,17,0,17,14,4,0,4,4,8,0,8,4
438285,83,0,83,12,68,0,0,15,60,0,60,55,0,0,0,0,23,0,23,13
438337,164,0,164,10,102,0,0,62,160,0,160,100,0,0,0,0,4,0,4,2
438674,4,0,4,0,3,0,0,1,2,0,2,2,0,0,0,0,2,0,2,1
438984,33,0,33,18,23,0,0,10,24,0,24,21,0,0,0,0,9,0,9,2
439455,3,0,3,1,1,0,0,2,2,0,2,1,0,0,0,0,1,0,1,0
439473,188,0,188,52,88,5,0,95,110,0,110,80,46,0,46,8,32,0,32,0
439622,60,0,60,50,50,0,0,10,54,0,54,50,1,0,1,0,5,0,5,0
439668,292,0,292,190,242,0,0,50,57,0,57,57,2,0,2,2,233,0,233,183
439686,139,0,139,135,137,0,0,2,139,0,139,137,0,0,0,0,0,0,0,0
439747,156,0,156,51,136,0,0,20,16,0,16,10,0,0,0,0,140,0,140,126
439774,51,0,51,10,47,0,0,4,45,0,45,44,3,0,3,2,3,0,3,1
439844,21,0,21,5,18,0,0,3,3,0,3,3,4,0,4,3,14,0,14,12
439932,39,0,39,25,35,0,0,4,37,0,37,35,2,0,2,0,0,0,0,0
440101,26,0,26,0,10,0,0,16,22,0,22,7,1,0,1,1,3,0,3,2
440226,46,0,46,5,29,0,6,11,36,0,36,20,4,0,4,3,6,0,6,6
440730,189,0,189,156,156,0,0,33,148,0,148,126,41,0,41,30,0,0,0,0
440855,96,0,96,4,58,0,0,38,93,0,93,57,1,0,1,1,2,0,2,0
440989,186,0,186,0,38,0,5,143,158,0,158,32,2,0,2,1,26,0,26,5
441210,8,0,8,3,3,0,0,5,0,0,0,0,0,0,0,0,8,0,8,3
441256,35,0,35,18,24,0,0,11,23,0,23,19,7,0,7,3,5,0,5,2
441380,60,0,60,8,40,0,0,20,44,0,44,27,1,0,1,1,15,0,15,12
441414,143,0,143,4,6,0,0,137,13,0,13,2,0,0,0,0,130,0,130,4
441502,98,1,97,4,18,0,15,64,88,1,87,16,10,0,10,2,0,0,0,0
441575,213,0,213,152,152,0,0,61,209,0,209,150,0,0,0,0,4,0,4,2
441593,6,0,6,6,6,0,0,0,6,0,6,6,0,0,0,0,0,0,0,0
441618,5,0,5,0,4,0,0,1,2,0,2,2,1,0,1,1,2,0,2,1
441663,298,3,295,188,215,1,1,78,219,2,217,154,46,0,46,41,33,1,32,20
441672,36,0,36,34,34,0,2,0,34,0,34,32,2,0,2,2,0,0,0,0
441706,34,1,33,25,25,0,0,8,18,0,18,11,0,0,0,0,16,1,15,14
441830,65,0,65,40,41,0,16,8,54,0,54,35,6,0,6,6,5,0,5,0
441876,32,0,32,0,17,1,0,14,19,0,19,9,1,0,1,1,12,0,12,7
442073,308,0,308,22,155,0,2,151,242,0,242,111,34,0,34,20,32,0,32,24
442240,77,0,77,6,56,0,1,20,45,0,45,30,11,0,11,9,21,0,21,17
442329,1087,2,1085,405,644,0,0,441,795,0,795,425,176,1,175,134,116,1,115,85
442657,84,0,84,5,53,0,0,31,68,0,68,44,3,0,3,2,13,0,13,7
442888,57,0,57,40,40,0,0,17,44,0,44,33,0,0,0,0,13,0,13,7
442976,41,0,41,1,4,0,14,23,26,0,26,4,0,0,0,0,15,0,15,0
442985,185,0,185,64,133,0,0,52,166,0,166,119,19,0,19,14,0,0,0,0
443021,102,0,102,12,91,1,0,10,72,0,72,65,0,0,0,0,30,0,30,26
443100,53,0,53,13,16,0,25,12,35,0,35,16,0,0,0,0,18,0,18,0
443137,155,0,155,0,61,0,1,93,101,0,101,34,34,0,34,21,20,0,20,6
443146,36,6,30,2,4,10,0,16,24,0,24,3,2,0,2,1,10,6,4,0
443207,71,0,71,42,55,0,1,15,40,0,40,34,4,0,4,2,27,0,27,19
443216,43,0,43,27,27,0,0,16,30,0,30,20,12,0,12,6,1,0,1,1
443225,17,0,17,12,12,0,0,5,11,0,11,7,1,0,1,1,5,0,5,4
443234,97,0,97,39,65,0,0,32,86,0,86,58,0,0,0,0,11,0,11,7
443252,1250,0,1250,1015,1015,0,0,235,1250,0,1250,1015,0,0,0,0,0,0,0,0
443289,145,0,145,65,87,0,0,58,42,0,42,42,9,0,9,9,94,0,94,36
443298,23,0,23,9,11,0,0,12,18,0,18,10,1,0,1,1,4,0,4,0
443322,169,0,169,100,100,0,0,69,153,0,153,100,2,0,2,0,14,0,14,0
443632,71,0,71,40,46,0,0,25,58,0,58,38,7,0,7,5,6,0,6,3
443641,31,0,31,0,16,0,0,15,22,0,22,8,6,0,6,5,3,0,3,3
443669,87,0,87,5,56,0,0,31,65,0,65,39,9,0,9,9,13,0,13,8
443951,31,0,31,9,22,0,0,9,29,0,29,22,0,0,0,0,2,0,2,0
443979,15,0,15,12,12,0,0,3,0,0,0,0,1,0,1,1,14,0,14,11
444194,21,0,21,4,17,2,2,0,21,0,21,17,0,0,0,0,0,0,0,0
444228,8,0,8,0,5,0,0,3,5,0,5,2,2,0,2,2,1,0,1,1
444264,110,0,110,14,96,0,6,8,110,0,110,96,0,0,0,0,0,0,0,0
444282,26,0,26,0,11,0,1,14,20,0,20,8,1,0,1,0,5,0,5,3
444291,42,0,42,0,11,0,0,31,34,0,34,11,3,0,3,0,5,0,5,0
444307,25,0,25,0,13,0,0,12,18,0,18,7,4,0,4,3,3,0,3,3
444370,22,0,22,5,14,0,0,8,18,0,18,12,0,0,0,0,4,0,4,2
444404,26,0,26,4,20,0,1,5,26,0,26,20,0,0,0,0,0,0,0,0
444440,25,0,25,19,19,0,2,4,15,0,15,15,4,0,4,4,6,0,6,0
444468,9,0,9,9,9,0,0,0,7,0,7,7,1,0,1,1,1,0,1,1
444486,60,0,60,3,31,0,0,29,34,0,34,18,6,0,6,3,20,0,20,10
444510,7,0,7,0,3,0,0,4,3,0,3,2,1,0,1,0,3,0,3,1
444529,64,0,64,46,46,0,0,18,51,0,51,35,5,0,5,4,8,0,8,7
444583,394,0,394,154,312,0,0,82,383,0,383,305,8,0,8,5,3,0,3,2
444635,36,0,36,19,20,0,0,16,13,0,13,13,14,0,14,2,9,0,9,5
444662,103,0,103,20,25,0,0,78,74,0,74,25,0,0,0,0,29,0,29,0
444671,129,0,129,53,71,0,0,58,129,0,129,71,0,0,0,0,0,0,0,0
444732,33,0,33,9,25,0,1,7,33,0,33,25,0,0,0,0,0,0,0,0
444857,8,0,8,2,6,0,0,2,3,0,3,3,2,0,2,1,3,0,3,2
444893,379,0,379,170,198,0,0,181,232,0,232,193,7,0,7,5,140,0,140,0
444936,146,0,146,41,134,0,3,9,91,0,91,82,0,0,0,0,55,0,55,52
444945,477,0,477,275,333,0,0,144,366,0,366,238,15,0,15,13,96,0,96,82
445212,33,0,33,0,26,0,0,7,19,0,19,14,7,0,7,5,7,0,7,7
445498,39,0,39,36,36,0,3,0,35,0,35,32,0,0,0,0,4,0,4,4
445540,33,0,33,8,17,0,0,16,27,0,27,14,2,0,2,1,4,0,4,2
445647,80,0,80,29,56,0,0,24,44,0,44,28,9,0,9,8,27,0,27,20
445656,40,0,40,25,34,0,0,6,26,0,26,22,1,0,1,1,13,0,13,11
445780,6,0,6,3,4,0,0,2,5,0,5,3,1,0,1,1,0,0,0,0
445841,42,0,42,4,23,0,0,19,28,0,28,12,3,0,3,2,11,0,11,9
445850,34,0,34,5,23,0,0,11,18,0,18,8,2,0,2,2,14,0,14,13
446084,2,0,2,2,2,0,0,0,0,0,0,0,0,0,0,0,2,0,2,2
446093,64,0,64,1,57,0,7,0,43,0,43,39,3,0,3,2,18,0,18,16
446206,17,1,16,14,14,1,0,1,14,1,13,11,1,0,1,1,2,0,2,2
446242,37,0,37,6,9,0,0,28,25,0,25,6,0,0,0,0,12,0,12,3
446251,47,0,47,46,46,0,0,1,23,0,23,23,0,0,0,0,24,0,24,23
446260,283,0,283,62,205,0,0,78,160,0,160,114,47,0,47,31,76,0,76,60
446288,22,0,22,0,17,0,0,5,11,0,11,7,7,0,7,6,4,0,4,4
446349,1,0,1,1,1,0,0,0,1,0,1,1,0,0,0,0,0,0,0,0
446516,5,1,4,1,3,0,0,1,5,1,4,3,0,0,0,0,0,0,0,0
447023,1046,0,1046,639,639,0,0,407,900,0,900,514,64,0,64,53,82,0,82,72
447148,59,0,59,4,32,0,0,27,46,0,46,24,7,0,7,3,6,0,6,5
447166,15,0,15,0,10,0,1,4,11,0,11,6,3,0,3,3,1,0,1,1
447175,19,0,19,0,9,0,0,10,18,0,18,8,1,0,1,1,0,0,0,0
447449,32,0,32,31,31,0,0,1,31,0,31,31,0,0,0,0,1,0,1,0
447467,290,0,290,161,190,0,0,100,247,0,247,151,4,0,4,4,39,0,39,35
447607,677,0,677,154,372,7,5,293,624,0,624,333,21,0,21,14,32,0,32,25
447616,571,2,569,127,333,9,7,220,535,2,533,305,22,0,22,16,14,0,14,12
447704,47,0,47,21,31,0,0,16,35,0,35,21,8,0,8,6,4,0,4,4
447722,30,0,30,29,29,0,0,1,30,0,30,29,0,0,0,0,0,0,0,0
447731,230,0,230,51,223,0,0,7,46,0,46,42,0,0,0,0,184,0,184,181
447795,81,0,81,79,80,0,0,1,36,0,36,36,6,0,6,6,39,0,39,38
447810,119,0,119,89,105,0,0,14,102,0,102,89,11,0,11,11,6,0,6,5
447865,4,0,4,3,3,0,0,1,4,0,4,3,0,0,0,0,0,0,0,0
447883,126,0,126,12,96,0,0,30,83,0,83,57,7,0,7,7,36,0,36,32
447892,79,0,79,12,50,0,10,19,61,0,61,34,3,0,3,3,15,0,15,13
447908,4,0,4,3,3,0,0,1,4,0,4,3,0,0,0,0,0,0,0,0
447917,16,0,16,14,14,0,0,2,14,0,14,14,1,0,1,0,1,0,1,0
447962,93,0,93,20,34,0,7,52,62,0,62,20,6,0,6,2,25,0,25,12
447971,91,7,84,23,61,3,0,20,34,3,31,31,34,4,30,30,23,0,23,0
447980,24,0,24,10,10,0,0,14,9,0,9,9,1,0,1,1,14,0,14,0
448071,33,0,33,0,15,1,0,17,21,0,21,10,0,0,0,0,12,0,12,5
448123,189,0,189,12,115,0,0,74,188,0,188,114,1,0,1,1,0,0,0,0
448196,40,0,40,20,25,0,0,15,20,0,20,14,0,0,0,0,20,0,20,11
448220,31,0,31,4,19,0,0,12,19,0,19,10,2,0,2,1,10,0,10,8
448248,191,1,190,111,124,0,0,66,20,0,20,20,0,0,0,0,171,1,170,104
448257,54,0,54,52,52,2,0,0,39,0,39,39,5,0,5,5,10,0,10,8
448275,23,0,23,18,18,0,0,5,19,0,19,14,1,0,1,1,3,0,3,3
448424,28,0,28,17,25,0,0,3,12,0,12,12,4,0,4,4,12,0,12,9
448646,372,0,372,237,278,0,0,94,273,0,273,186,9,0,9,8,90,0,90,84
448798,98,0,98,3,33,0,1,64,94,0,94,31,1,0,1,1,3,0,3,1
448895,303,0,303,1,142,0,0,161,252,0,252,111,27,0,27,18,24,0,24,13
449311,25,0,25,4,10,0,0,15,20,0,20,8,2,0,2,1,3,0,3,1
449320,370,0,370,87,174,0,0,196,307,0,307,136,42,0,42,25,21,0,21,13
449357,12,0,12,10,10,0,1,1,12,0,12,10,0,0,0,0,0,0,0,0
449393,30,0,30,13,21,0,0,9,23,0,23,15,0,0,0,0,7,0,7,6
449463,185,0,185,155,174,0,0,11,150,0,150,150,15,0,15,15,20,0,20,9
449472,26,0,26,5,19,0,0,7,12,0,12,8,6,0,6,4,8,0,8,7
449490,58,2,56,2,44,0,12,0,51,1,50,44,1,0,1,0,6,1,5,0
449533,22,0,22,8,13,0,0,9,21,0,21,13,1,0,1,0,0,0,0,0
449597,1,0,1,1,1,0,0,0,0,0,0,0,0,0,0,0,1,0,1,1
449603,44,0,44,13,36,0,2,6,37,0,37,30,6,0,6,5,1,0,1,1
449685,402,0,402,253,289,0,0,113,317,0,317,242,8,0,8,3,77,0,77,44
449700,101,0,101,76,76,0,0,25,79,0,79,54,5,0,5,5,17,0,17,17
449773,98,0,98,35,84,0,0,14,88,0,88,76,4,0,4,3,6,0,6,5
449782,32,0,32,17,21,0,9,2,28,0,28,20,1,0,1,1,3,0,3,0
449807,69,1,68,50,52,1,4,11,53,1,52,44,9,0,9,5,7,0,7,3
449816,39,0,39,31,33,0,0,6,9,0,9,6,0,0,0,0,30,0,30,27
449904,108,0,108,0,43,0,0,65,88,0,88,35,5,0,5,3,15,0,15,5
449959,80,0,80,1,52,0,1,27,46,0,46,30,4,0,4,3,30,0,30,19
449968,103,1,102,4,57,0,0,45,73,1,72,39,8,0,8,6,22,0,22,12
449977,21,0,21,1,15,0,0,6,9,0,9,6,0,0,0,0,12,0,12,9
449986,36,0,36,0,21,0,0,15,28,0,28,15,0,0,0,0,8,0,8,6
449995,79,0,79,1,50,0,0,29,41,0,41,26,9,0,9,4,29,0,29,20
450021,152,0,152,22,57,0,13,82,144,0,144,55,8,0,8,2,0,0,0,0
450119,86,1,85,7,31,0,2,52,70,1,69,30,16,0,16,1,0,0,0,0
450599,39,0,39,0,13,0,0,26,31,0,31,9,5,0,5,4,3,0,3,0
450605,33,0,33,0,15,0,1,17,28,0,28,12,3,0,3,2,2,0,2,1
450614,34,0,34,0,12,0,0,22,32,0,32,11,0,0,0,0,2,0,2,1
450641,39,1,38,2,24,6,0,8,21,0,21,13,0,0,0,0,18,1,17,11
450650,90,0,90,6,76,0,0,14,47,0,47,38,13,0,13,11,30,0,30,27
450711,83,0,83,53,56,0,0,27,56,0,56,56,0,0,0,0,27,0,27,0
450720,561,0,561,19,310,0,4,247,404,0,404,210,94,0,94,51,63,0,63,49
450951,78,0,78,55,64,0,0,14,23,0,23,23,17,0,17,17,38,0,38,24
450988,179,0,179,2,145,0,7,27,98,0,98,78,0,0,0,0,81,0,81,67
451042,12,0,12,2,10,0,2,0,12,0,12,10,0,0,0,0,0,0,0,0
451097,86,0,86,73,73,0,0,13,45,0,45,45,25,0,25,25,16,0,16,3
451121,14,0,14,0,13,0,0,1,5,0,5,4,0,0,0,0,9,0,9,9
451149,101,0,101,23,73,5,0,23,80,0,80,52,0,0,0,0,21,0,21,21
451158,231,1,230,128,139,16,0,75,139,1,138,87,87,0,87,47,5,0,5,5
451167,30,0,30,10,24,0,0,6,6,0,6,6,6,0,6,6,18,0,18,12
451194,4,0,4,4,4,0,0,0,2,0,2,2,2,0,2,2,0,0,0,0
451237,54,0,54,4,34,0,0,20,35,0,35,19,10,0,10,8,9,0,9,7
451255,60,0,60,29,41,0,0,19,29,0,29,12,6,0,6,6,25,0,25,23
451282,32,0,32,4,25,0,0,7,18,0,18,12,7,0,7,7,7,0,7,6
451307,3,0,3,3,3,0,0,0,2,0,2,2,1,0,1,1,0,0,0,0
451316,32,0,32,0,16,0,0,16,28,0,28,13,2,0,2,2,2,0,2,1
451334,166,0,166,39,89,0,24,53,32,0,32,22,25,0,25,19,109,0,109,48
451343,17,0,17,1,7,0,1,9,13,0,13,4,0,0,0,0,4,0,4,3
451459,81,0,81,63,63,0,0,18,62,0,62,45,2,0,2,1,17,0,17,17
451468,114,0,114,28,90,0,0,24,57,0,57,43,29,0,29,19,28,0,28,28
451495,168,0,168,13,88,0,0,80,160,0,160,86,0,0,0,0,8,0,8,2
451501,124,0,124,99,99,0,0,25,121,0,121,98,3,0,3,1,0,0,0,0
451529,56,0,56,4,46,0,0,10,51,0,51,41,1,0,1,1,4,0,4,4
451547,24,0,24,19,20,1,0,3,22,0,22,20,2,0,2,0,0,0,0,0
451565,55,0,55,3,31,0,0,24,36,0,36,21,5,0,5,1,14,0,14,9
451574,73,0,73,6,65,0,0,8,39,0,39,34,7,0,7,6,27,0,27,25
451583,75,0,75,36,49,0,0,26,28,0,28,19,0,0,0,0,47,0,47,30
451626,33,0,33,9,25,0,0,8,25,0,25,25,6,0,6,0,2,0,2,0
451714,43,0,43,2,24,0,0,19,25,0,25,11,2,0,2,2,16,0,16,11
451918,32,0,32,4,19,0,0,13,26,0,26,16,3,0,3,2,3,0,3,1
452072,42,0,42,16,34,0,0,8,32,0,32,26,6,0,6,5,4,0,4,3
452887,19,0,19,12,14,0,0,5,11,0,11,8,5,0,5,3,3,0,3,3
453297,23,0,23,5,11,0,0,12,0,0,0,0,0,0,0,0,23,0,23,11
453756,75,0,75,45,51,0,0,24,64,0,64,44,0,0,0,0,11,0,11,7
454546,54,0,54,1,19,0,0,35,41,0,41,11,8,0,8,6,5,0,5,2
454555,161,0,161,1,80,0,0,81,110,0,110,51,20,0,20,11,31,0,31,18
454607,64,0,64,22,41,0,0,23,40,0,40,26,12,0,12,6,12,0,12,9
454652,36,0,36,0,22,0,0,14,26,0,26,13,2,0,2,2,8,0,8,7
454722,5,0,5,0,2,0,0,3,2,0,2,1,0,0,0,0,3,0,3,1
454759,2,0,2,1,1,0,0,1,1,0,1,1,0,0,0,0,1,0,1,0
454768,15,0,15,0,9,0,0,6,4,0,4,2,3,0,3,1,8,0,8,6
454777,17,0,17,2,4,1,0,12,11,0,11,1,0,0,0,0,6,0,6,3
454795,31,0,31,10,14,0,0,17,26,0,26,13,5,0,5,1,0,0,0,0
454801,33,0,33,15,15,0,0,18,31,0,31,13,1,0,1,1,1,0,1,1
454874,23,0,23,1,17,0,0,6,20,0,20,14,1,0,1,1,2,0,2,2
454917,110,0,110,47,88,0,0,22,66,0,66,52,8,0,8,2,36,0,36,34
454926,74,7,67,5,29,0,0,38,63,6,57,26,4,0,4,3,7,1,6,0
454944,37,0,37,8,28,0,0,9,23,0,23,16,4,0,4,3,10,0,10,9
454953,11,0,11,6,7,0,2,2,4,0,4,4,3,0,3,1,4,0,4,2
454962,22,0,22,16,19,0,1,2,7,0,7,5,3,0,3,3,12,0,12,11
454971,5,0,5,0,3,0,0,2,3,0,3,1,2,0,2,2,0,0,0,0
454980,4,0,4,1,4,0,0,0,1,0,1,1,1,0,1,1,2,0,2,2
454999,10,0,10,0,5,0,0,5,7,0,7,3,2,0,2,2,1,0,1,0
455008,33,0,33,3,21,0,0,12,30,0,30,19,1,0,1,1,2,0,2,1
455062,7,0,7,0,7,0,0,0,0,0,0,0,2,0,2,2,5,0,5,5
455080,52,0,52,5,33,0,0,19,36,0,36,22,5,0,5,4,11,0,11,7
455105,2,0,2,1,2,0,0,0,0,0,0,0,0,0,0,0,2,0,2,2
455141,128,0,128,16,90,0,0,38,35,0,35,30,14,0,14,8,79,0,79,52
455187,187,0,187,101,139,0,5,43,156,0,156,138,2,0,2,1,29,0,29,0
455211,231,0,231,3,149,0,0,82,148,0,148,90,16,0,16,15,67,0,67,44
455220,54,1,53,4,40,1,12,0,49,1,48,35,5,0,5,5,0,0,0,0
455275,144,0,144,10,91,0,0,53,101,0,101,56,22,0,22,15,21,0,21,20
455284,67,0,67,9,48,0,0,19,36,0,36,20,11,0,11,9,20,0,20,19
455327,12,0,12,2,5,0,0,7,5,0,5,0,5,0,5,5,2,0,2,0
455354,104,0,104,12,75,0,0,29,67,0,67,45,0,0,0,0,37,0,37,30
455381,27,0,27,20,25,0,2,0,21,0,21,20,0,0,0,0,6,0,6,5
455460,91,0,91,28,47,0,0,44,84,0,84,43,2,0,2,2,5,0,5,2
455488,165,0,165,32,83,0,0,82,160,0,160,79,2,0,2,2,3,0,3,2
455725,753,0,753,351,544,0,1,208,561,0,561,394,96,0,96,75,96,0,96,75
455761,87,0,87,42,67,0,1,19,49,0,49,32,3,0,3,3,35,0,35,32
455798,45,1,44,14,32,0,8,4,29,0,29,26,6,0,6,5,10,1,9,1
455831,100,0,100,85,95,0,0,5,43,0,43,39,1,0,1,1,56,0,56,55
455859,127,0,127,7,105,3,0,19,76,0,76,66,11,0,11,11,40,0,40,28
455877,31,0,31,0,18,0,0,13,18,0,18,9,6,0,6,4,7,0,7,5
455886,5,0,5,5,5,0,0,0,2,0,2,2,2,0,2,2,1,0,1,1
455895,12,0,12,2,6,0,0,6,10,0,10,4,2,0,2,2,0,0,0,0
455901,42,0,42,1,27,0,0,15,21,0,21,13,1,0,1,1,20,0,20,13
455910,45,0,45,19,34,0,6,5,30,0,30,20,8,0,8,7,7,0,7,7
455929,24,0,24,15,20,0,0,4,18,0,18,15,6,0,6,5,0,0,0,0
455965,26,0,26,0,20,0,0,6,15,0,15,10,6,0,6,6,5,0,5,4
455974,147,0,147,100,140,0,0,7,140,0,140,135,5,0,5,5,2,0,2,0
456001,43,0,43,41,41,0,0,2,24,0,24,24,8,0,8,8,11,0,11,9
456029,15,0,15,0,4,0,0,11,10,0,10,3,1,0,1,0,4,0,4,1
456065,80,0,80,7,47,0,0,33,55,0,55,33,7,0,7,5,18,0,18,9
456074,56,0,56,7,44,0,0,12,35,0,35,25,9,0,9,9,12,0,12,10
456135,33,0,33,1,12,0,0,21,29,0,29,10,2,0,2,2,2,0,2,0
456515,29,0,29,5,21,0,0,8,22,0,22,17,6,0,6,4,1,0,1,0
456588,12,0,12,1,6,0,0,6,10,0,10,5,0,0,0,0,2,0,2,1
456597,81,0,81,16,57,0,0,24,63,0,63,43,1,0,1,1,17,0,17,13
456825,28,0,28,1,23,0,0,5,17,0,17,13,1,0,1,1,10,0,10,9
456922,131,0,131,59,68,0,0,63,106,0,106,58,6,0,6,3,19,0,19,7
456931,281,0,281,168,179,0,0,102,237,0,237,150,25,0,25,21,19,0,19,8
457031,16,0,16,0,13,1,0,2,3,0,3,1,4,0,4,3,9,0,9,9
457077,172,0,172,3,62,0,0,110,149,0,149,48,12,0,12,9,11,0,11,5
457192,45,0,45,40,40,0,5,0,45,0,45,40,0,0,0,0,0,0,0,0
457208,121,0,121,86,86,0,0,35,102,0,102,86,19,0,19,0,0,0,0,0
457253,10,0,10,0,6,0,1,3,3,0,3,1,2,0,2,1,5,0,5,4
457314,40,0,40,12,16,0,0,24,31,0,31,11,5,0,5,1,4,0,4,4
457323,131,0,131,15,86,0,0,45,90,0,90,54,25,0,25,19,16,0,16,13
457332,14,0,14,0,11,0,0,3,5,0,5,4,3,0,3,2,6,0,6,5
457341,32,0,32,2,23,0,0,9,23,0,23,16,0,0,0,0,9,0,9,7
457378,33,0,33,26,26,0,0,7,20,0,20,20,0,0,0,0,13,0,13,6
457396,39,0,39,4,35,0,0,4,31,0,31,31,2,0,2,2,6,0,6,2
457420,40,0,40,20,33,1,0,6,21,0,21,14,0,0,0,0,19,0,19,19
457439,66,0,66,1,46,0,1,19,45,0,45,25,21,0,21,21,0,0,0,0
457448,66,0,66,3,35,0,0,31,45,0,45,26,5,0,5,3,16,0,16,6
457466,16,3,13,10,10,0,1,2,10,0,10,10,0,0,0,0,6,3,3,0
457475,14,0,14,0,8,0,0,6,8,0,8,7,1,0,1,1,5,0,5,0
457493,8,0,8,0,4,0,0,4,0,0,0,0,0,0,0,0,8,0,8,4
457545,41,0,41,0,32,0,0,9,17,0,17,11,6,0,6,5,18,0,18,16
457554,9,0,9,2,7,0,0,2,8,0,8,7,0,0,0,0,1,0,1,0
457563,160,0,160,17,133,0,0,27,73,0,73,54,48,0,48,43,39,0,39,36
457572,63,0,63,40,62,0,0,1,39,0,39,39,10,0,10,10,14,0,14,13
457581,83,0,83,9,60,0,0,23,36,0,36,24,0,0,0,0,47,0,47,36
457606,55,0,55,5,44,0,0,11,38,0,38,29,0,0,0,0,17,0,17,15
457624,10,0,10,8,8,0,0,2,5,0,5,4,4,0,4,4,1,0,1,0
457633,47,0,47,10,35,0,0,12,6,0,6,5,0,0,0,0,41,0,41,30
457642,28,0,28,2,13,0,0,15,8,0,8,2,2,0,2,2,18,0,18,9
457749,49,5,44,16,35,3,0,6,31,5,26,17,9,0,9,9,9,0,9,9
457767,108,0,108,66,66,0,0,42,81,0,81,43,6,0,6,6,21,0,21,17
457776,30,0,30,2,20,0,0,10,21,0,21,13,3,0,3,2,6,0,6,5
457785,50,0,50,42,43,0,0,7,30,0,30,29,2,0,2,2,18,0,18,12
457794,120,0,120,118,118,0,0,2,120,0,120,118,0,0,0,0,0,0,0,0
457819,8,0,8,1,2,0,0,6,2,0,2,1,1,0,1,0,5,0,5,1
457837,31,0,31,26,26,0,0,5,23,0,23,18,3,0,3,3,5,0,5,5
457855,14,0,14,0,10,1,0,3,7,0,7,5,0,0,0,0,7,0,7,5
457943,26,0,26,23,23,0,0,3,21,0,21,19,4,0,4,3,1,0,1,1
457952,52,0,52,1,49,0,0,3,18,0,18,17,8,0,8,8,26,0,26,24
457989,28,0,28,16,16,0,0,12,18,0,18,16,0,0,0,0,10,0,10,0
458007,39,0,39,4,30,0,2,7,35,0,35,26,4,0,4,4,0,0,0,0
458043,44,0,44,20,20,0,0,24,25,0,25,7,4,0,4,3,15,0,15,10
458061,18,0,18,14,14,0,4,0,18,0,18,14,0,0,0,0,0,0,0,0
458070,88,7,81,9,65,0,0,16,50,1,49,35,8,0,8,7,30,6,24,23
458098,43,0,43,6,31,0,1,11,23,0,23,18,5,0,5,3,15,0,15,10
458104,35,0,35,33,34,1,0,0,17,0,17,16,0,0,0,0,18,0,18,18
458122,5,0,5,4,4,0,0,1,4,0,4,3,1,0,1,1,0,0,0,0
458131,2,0,2,0,1,0,0,1,0,0,0,0,0,0,0,0,2,0,2,1
458274,27,0,27,0,12,0,0,15,14,0,14,9,8,0,8,1,5,0,5,2
458803,56,0,56,2,26,0,0,30,46,0,46,19,3,0,3,3,7,0,7,4
458812,36,0,36,0,25,0,0,11,23,0,23,13,3,0,3,3,10,0,10,9
458821,28,0,28,0,9,0,0,19,27,0,27,8,0,0,0,0,1,0,1,1
458830,40,0,40,0,19,0,1,20,36,0,36,15,2,0,2,2,2,0,2,2
458858,61,0,61,0,15,0,5,41,60,0,60,15,1,0,1,0,0,0,0,0
458867,70,0,70,0,21,0,0,49,68,0,68,20,1,0,1,1,1,0,1,0
459019,31,0,31,1,14,0,0,17,29,0,29,12,1,0,1,1,1,0,1,1
459046,27,0,27,0,2,0,0,25,25,0,25,2,1,0,1,0,1,0,1,0
459055,26,0,26,0,12,0,1,13,25,0,25,11,0,0,0,0,1,0,1,1
459064,26,0,26,0,10,0,2,14,24,0,24,9,2,0,2,1,0,0,0,0
459116,10,0,10,0,9,0,0,1,0,0,0,0,0,0,0,0,10,0,10,9
459170,66,0,66,3,51,0,0,15,46,0,46,33,5,0,5,5,15,0,15,13
459189,20,0,20,5,5,0,0,15,0,0,0,0,0,0,0,0,20,0,20,5
459198,52,0,52,0,21,0,0,31,30,0,30,11,6,0,6,3,16,0,16,7
459231,70,0,70,3,36,0,0,34,41,0,41,17,10,0,10,6,19,0,19,13
459277,235,0,235,3,184,0,4,47,80,0,80,54,49,0,49,40,106,0,106,90
459286,45,0,45,2,22,0,0,23,29,0,29,13,7,0,7,3,9,0,9,6
459295,30,0,30,24,24,0,0,6,17,0,17,11,6,0,6,6,7,0,7,7
459301,26,0,26,3,14,0,0,12,13,0,13,6,7,0,7,5,6,0,6,3
459347,9,0,9,2,6,0,0,3,4,0,4,3,3,0,3,2,2,0,2,1
459374,32,0,32,25,30,0,0,2,12,0,12,12,12,0,12,12,8,0,8,6
459392,48,0,48,11,34,0,0,14,29,0,29,19,7,0,7,5,12,0,12,10
459408,44,0,44,38,38,0,0,6,15,0,15,15,0,0,0,0,29,0,29,23
459426,72,1,71,15,42,0,0,29,42,0,42,20,20,0,20,14,10,1,9,8
459499,13,0,13,11,11,0,0,2,11,0,11,9,2,0,2,2,0,0,0,0
459523,60,0,60,52,52,0,0,8,51,0,51,44,0,0,0,0,9,0,9,8
459532,24,0,24,1,16,0,0,8,21,0,21,14,1,0,1,1,2,0,2,1
459541,9,0,9,1,8,1,0,0,9,0,9,8,0,0,0,0,0,0,0,0
459578,34,0,34,1,13,0,0,21,21,0,21,8,2,0,2,1,11,0,11,4
459967,920,0,920,525,706,0,0,214,628,0,628,563,17,0,17,2,275,0,275,141
459985,699,0,699,357,497,0,0,202,556,0,556,380,19,0,19,1,124,0,124,116
460011,38,0,38,9,25,0,0,13,25,0,25,15,1,0,1,1,12,0,12,9
460093,47,0,47,13,35,1,0,11,42,0,42,31,3,0,3,2,2,0,2,2
460109,113,0,113,13,56,0,0,57,97,0,97,50,10,0,10,3,6,0,6,3
460118,129,0,129,16,76,0,0,53,112,0,112,63,11,0,11,9,6,0,6,4
460127,73,0,73,12,45,0,0,28,56,0,56,37,12,0,12,5,5,0,5,3
460145,73,0,73,40,46,0,0,27,66,0,66,42,3,0,3,2,4,0,4,2
460172,478,0,478,280,316,0,0,162,353,0,353,223,52,0,52,39,73,0,73,54
460482,39,0,39,14,18,0,0,21,32,0,32,16,2,0,2,2,5,0,5,0
460525,88,0,88,3,59,0,0,29,74,0,74,47,6,0,6,5,8,0,8,7
460534,236,0,236,1,125,0,0,111,202,0,202,102,6,0,6,5,28,0,28,18
460701,22,0,22,17,17,0,0,5,20,0,20,15,2,0,2,2,0,0,0,0
460765,58,0,58,13,49,0,3,6,32,0,32,28,25,0,25,21,1,0,1,0
460808,18,3,15,12,12,0,3,0,6,0,6,6,6,0,6,6,6,3,3,0
460914,39,0,39,2,29,0,0,10,12,0,12,8,6,0,6,4,21,0,21,17
460932,97,0,97,54,95,0,0,2,30,0,30,30,18,0,18,18,49,0,49,47
460969,121,0,121,2,98,0,3,20,96,0,96,75,1,0,1,0,24,0,24,23
460978,180,0,180,8,106,0,0,74,120,0,120,64,28,0,28,24,32,0,32,18
460987,126,0,126,46,106,0,0,20,73,0,73,58,15,0,15,15,38,0,38,33
460996,44,0,44,34,34,0,0,10,15,0,15,10,17,0,17,15,12,0,12,9
461087,34,0,34,29,33,0,0,1,16,0,16,16,0,0,0,0,18,0,18,17
461175,144,0,144,10,75,0,48,21,8,0,8,0,0,0,0,0,136,0,136,75
461193,92,0,92,8,73,0,0,19,41,0,41,30,17,0,17,15,34,0,34,28
461272,9,0,9,0,7,0,0,2,6,0,6,4,1,0,1,1,2,0,2,2
461306,70,0,70,5,5,0,59,6,33,0,33,0,0,0,0,0,37,0,37,5
461333,30,0,30,0,17,0,13,0,0,0,0,0,0,0,0,0,30,0,30,17
461342,53,0,53,35,48,5,0,0,15,0,15,12,7,0,7,7,31,0,31,29
461388,50,0,50,13,29,1,0,20,33,0,33,17,3,0,3,2,14,0,14,10
461421,24,0,24,0,15,0,0,9,14,0,14,6,6,0,6,6,4,0,4,3
461494,51,0,51,1,37,0,0,14,20,0,20,16,9,0,9,6,22,0,22,15
461500,6,0,6,1,5,0,0,1,4,0,4,4,0,0,0,0,2,0,2,1
461537,5,0,5,3,3,0,0,2,2,0,2,2,0,0,0,0,3,0,3,1
461555,70,0,70,0,54,0,0,16,36,0,36,28,12,0,12,10,22,0,22,16
461582,53,0,53,18,48,0,0,5,36,0,36,35,6,0,6,5,11,0,11,8
461607,40,0,40,10,29,0,3,8,35,0,35,26,2,0,2,2,3,0,3,1
461625,21,0,21,5,14,0,0,7,21,0,21,14,0,0,0,0,0,0,0,0
461652,22,0,22,9,22,0,0,0,15,0,15,15,3,0,3,3,4,0,4,4
461704,123,0,123,5,88,0,0,35,90,0,90,61,21,0,21,16,12,0,12,11
461713,8,0,8,2,5,0,2,1,6,0,6,4,0,0,0,0,2,0,2,1
461722,18,0,18,13,15,2,0,1,8,0,8,6,10,0,10,9,0,0,0,0
461740,20,0,20,1,14,0,0,6,20,0,20,14,0,0,0,0,0,0,0,0
461768,121,0,121,2,65,0,0,56,72,0,72,37,8,0,8,7,41,0,41,21
461786,15,0,15,8,12,0,0,3,5,0,5,5,4,0,4,4,6,0,6,3
461810,50,0,50,46,49,0,0,1,37,0,37,37,0,0,0,0,13,0,13,12
461829,110,0,110,20,75,0,0,35,85,0,85,62,15,0,15,13,10,0,10,0
461838,84,0,84,1,76,0,0,8,34,0,34,28,9,0,9,8,41,0,41,40
461856,267,0,267,189,207,0,0,60,239,0,239,197,28,0,28,10,0,0,0,0
461874,49,1,48,27,33,1,2,12,38,0,38,23,10,0,10,10,1,1,0,0
461892,82,2,80,10,14,0,8,58,28,2,26,5,1,0,1,0,53,0,53,9
461908,51,0,51,0,30,0,0,21,36,0,36,19,2,0,2,1,13,0,13,10
461917,26,0,26,1,16,0,0,10,9,0,9,2,5,0,5,4,12,0,12,10
461926,36,0,36,18,31,0,0,5,18,0,18,14,6,0,6,5,12,0,12,12
461944,21,0,21,1,14,0,0,7,16,0,16,12,0,0,0,0,5,0,5,2
461962,237,0,237,118,211,0,3,23,64,0,64,58,20,0,20,18,153,0,153,135
462008,42,0,42,2,32,0,0,10,23,0,23,16,2,0,2,2,17,0,17,14
462017,46,0,46,4,26,1,0,19,27,0,27,11,9,0,9,5,10,0,10,10
462035,84,0,84,34,66,0,0,18,63,0,63,46,4,0,4,4,17,0,17,16
462053,98,0,98,44,56,0,5,37,36,0,36,29,1,0,1,1,61,0,61,26
462062,20,0,20,3,14,0,0,6,10,0,10,7,1,0,1,1,9,0,9,6
462071,24,0,24,1,13,0,0,11,15,0,15,9,3,0,3,1,6,0,6,3
462336,7,0,7,0,7,0,0,0,4,0,4,4,1,0,1,1,2,0,2,2
462345,11,0,11,4,6,0,0,5,7,0,7,3,3,0,3,2,1,0,1,1
467094,61,0,61,11,42,0,0,19,51,0,51,33,7,0,7,7,3,0,3,2
467863,31,0,31,1,15,0,0,16,19,0,19,9,4,0,4,1,8,0,8,5
467872,28,0,28,0,14,0,0,14,16,0,16,8,5,0,5,2,7,0,7,4
467906,38,0,38,1,23,0,0,15,24,0,24,13,1,0,1,0,13,0,13,10
468291,60,0,60,18,31,1,3,25,53,0,53,28,2,0,2,0,5,0,5,3
468769,102,1,101,0,87,0,0,14,41,0,41,30,2,0,2,1,59,1,58,56
468848,425,2,423,88,271,5,0,147,370,1,369,232,21,0,21,15,34,1,33,24
468893,30,0,30,1,14,0,0,16,18,0,18,10,0,0,0,0,12,0,12,4
468909,454,3,451,81,250,4,3,194,427,3,424,230,12,0,12,11,15,0,15,9
468963,537,0,537,280,371,0,0,166,384,0,384,270,107,0,107,82,46,0,46,19
469610,129,0,129,108,108,0,0,21,108,0,108,108,0,0,0,0,21,0,21,0
469911,205,0,205,119,144,0,0,61,160,0,160,103,7,0,7,5,38,0,38,36
469957,68,0,68,3,34,0,0,34,46,0,46,21,2,0,2,0,20,0,20,13
470038,652,2,650,103,326,16,3,305,623,2,621,302,18,0,18,15,11,0,11,9
470296,15,0,15,12,12,0,0,3,15,0,15,12,0,0,0,0,0,0,0,0
470393,9,0,9,1,4,0,0,5,8,0,8,4,0,0,0,0,1,0,1,0
474915,231,0,231,106,150,0,0,81,130,0,130,98,23,0,23,15,78,0,78,37
474924,117,0,117,49,65,0,0,52,55,0,55,46,21,0,21,11,41,0,41,8
475024,215,0,215,29,71,0,0,144,198,0,198,61,13,0,13,8,4,0,4,2
475282,2,0,2,0,2,0,0,0,2,0,2,2,0,0,0,0,0,0,0,0
475325,172,0,172,25,99,0,0,73,113,0,113,50,2,0,2,2,57,0,57,47
475404,27,0,27,10,23,0,0,4,11,0,11,9,0,0,0,0,16,0,16,14
475413,8,0,8,1,6,0,0,2,6,0,6,5,2,0,2,1,0,0,0,0
475431,68,0,68,66,66,0,0,2,28,0,28,28,2,0,2,2,38,0,38,36
475468,35,0,35,1,34,0,0,1,11,0,11,11,4,0,4,4,20,0,20,19
475486,30,0,30,2,18,0,0,12,11,0,11,5,3,0,3,3,16,0,16,10
475547,11,0,11,0,7,0,0,4,9,0,9,5,1,0,1,1,1,0,1,1
475556,23,0,23,3,16,0,0,7,15,0,15,11,1,0,1,1,7,0,7,4
475574,6,0,6,0,1,0,0,5,6,0,6,1,0,0,0,0,0,0,0,0
475653,15,0,15,6,6,0,0,9,14,0,14,6,0,0,0,0,1,0,1,0
475662,23,0,23,1,13,0,1,9,0,0,0,0,0,0,0,0,23,0,23,13
475705,23,0,23,13,13,0,0,10,15,0,15,12,2,0,2,1,6,0,6,0
475723,49,0,49,19,25,0,0,24,30,0,30,14,0,0,0,0,19,0,19,11
476063,266,1,265,160,182,0,0,83,197,1,196,122,37,0,37,33,32,0,32,27
476179,39,0,39,0,6,0,0,33,32,0,32,5,3,0,3,0,4,0,4,1
476230,51,0,51,11,31,0,0,20,41,0,41,24,5,0,5,5,5,0,5,2
476489,83,0,83,53,53,0,12,19,81,0,81,51,2,0,2,2,0,0,0,0
476498,118,0,118,7,110,0,0,8,86,0,86,80,0,0,0,0,32,0,32,30
476513,19,0,19,4,8,0,0,11,12,0,12,4,2,0,2,0,5,0,5,4
476540,1,0,1,1,1,0,0,0,1,0,1,1,0,0,0,0,0,0,0,0
476559,2,0,2,0,2,0,0,0,2,0,2,2,0,0,0,0,0,0,0,0
476568,20,0,20,5,13,2,0,5,17,0,17,12,1,0,1,1,2,0,2,0
476595,52,0,52,28,28,0,0,24,44,0,44,25,8,0,8,3,0,0,0,0
476610,43,0,43,2,39,0,0,4,28,0,28,28,8,0,8,8,7,0,7,3
476708,56,0,56,7,33,0,0,23,34,0,34,21,2,0,2,2,20,0,20,10
476735,30,0,30,20,22,0,0,8,6,0,6,6,6,0,6,6,18,0,18,10
476753,69,0,69,0,55,1,0,13,30,0,30,22,8,0,8,6,31,0,31,27
476780,57,0,57,0,38,0,10,9,49,0,49,33,0,0,0,0,8,0,8,5
476799,80,0,80,42,62,1,1,16,44,0,44,32,25,0,25,22,11,0,11,8
476805,11,0,11,0,8,0,0,3,4,0,4,1,1,0,1,1,6,0,6,6
476841,20,0,20,0,14,0,0,6,14,0,14,10,3,0,3,2,3,0,3,2
476850,37,1,36,1,16,0,0,20,30,0,30,13,2,1,1,1,5,0,5,2
476869,79,0,79,7,72,0,0,7,51,0,51,44,28,0,28,28,0,0,0,0
476878,140,0,140,27,127,0,0,13,59,0,59,54,13,0,13,12,68,0,68,61
476887,465,0,465,279,323,11,4,127,331,0,331,260,76,0,76,63,58,0,58,0
476896,83,0,83,8,40,4,0,39,70,0,70,33,1,0,1,0,12,0,12,7
476902,33,0,33,0,23,0,0,10,17,0,17,10,8,0,8,8,8,0,8,5
476957,17,0,17,15,15,0,0,2,10,0,10,9,3,0,3,2,4,0,4,4
476984,26,0,26,0,17,0,0,9,14,0,14,6,2,0,2,2,10,0,10,9
476993,212,0,212,9,196,0,0,16,67,0,67,61,38,0,38,36,107,0,107,99
477002,31,0,31,3,28,0,3,0,5,0,5,5,2,0,2,0,24,0,24,23
478582,53,0,53,2,19,0,2,32,48,0,48,17,1,0,1,0,4,0,4,2
478591,94,0,94,19,51,0,0,43,67,0,67,36,5,0,5,4,22,0,22,11
478616,41,0,41,0,11,0,1,29,36,0,36,9,1,0,1,1,4,0,4,1
478917,50,0,50,6,31,0,3,16,39,0,39,23,8,0,8,8,3,0,3,0
479062,62,0,62,0,54,0,1,7,27,0,27,20,15,0,15,15,20,0,20,19
479424,76,0,76,38,55,1,0,20,48,0,48,35,19,0,19,15,9,0,9,5
479974,44,0,44,1,25,0,1,18,38,0,38,21,2,0,2,2,4,0,4,2
479983,20,0,20,8,16,0,0,4,11,0,11,8,3,0,3,3,6,0,6,5
479992,1,0,1,1,1,0,0,0,0,0,0,0,0,0,0,0,1,0,1,1
480000,16,0,16,0,6,0,0,10,12,0,12,5,3,0,3,1,1,0,1,0
480019,716,0,716,318,441,0,124,151,347,0,347,239,19,0,19,17,350,0,350,185
480125,258,0,258,2,155,0,0,103,184,0,184,104,33,0,33,25,41,0,41,26
480161,4,0,4,3,3,0,0,1,4,0,4,3,0,0,0,0,0,0,0,0
480310,49,0,49,0,10,0,2,37,43,0,43,8,1,0,1,0,5,0,5,2
480347,15,0,15,4,9,0,0,6,11,0,11,7,1,0,1,0,3,0,3,2
480471,418,0,418,46,219,5,6,188,395,0,395,201,12,0,12,9,11,0,11,9
480523,81,0,81,17,36,1,0,44,76,0,76,34,2,0,2,2,3,0,3,0
480532,59,0,59,10,31,0,0,28,54,0,54,29,3,0,3,1,2,0,2,1
480550,57,0,57,11,34,0,0,23,48,0,48,28,5,0,5,4,4,0,4,2
480842,3,0,3,0,3,0,0,0,3,0,3,3,0,0,0,0,0,0,0,0
480879,24,0,24,3,13,0,0,11,17,0,17,7,1,0,1,0,6,0,6,6
480888,350,0,350,278,280,0,0,70,326,0,326,278,24,0,24,2,0,0,0,0
480903,712,0,712,314,543,0,0,169,605,0,605,485,107,0,107,58,0,0,0,0
480921,9,0,9,0,5,0,0,4,6,0,6,2,0,0,0,0,3,0,3,3
480930,34,0,34,0,24,0,0,10,22,0,22,17,3,0,3,3,9,0,9,4
480976,18,0,18,1,14,0,0,4,8,0,8,5,1,0,1,1,9,0,9,8
480994,6,0,6,6,6,0,0,0,6,0,6,6,0,0,0,0,0,0,0,0
481003,254,0,254,123,193,0,0,61,120,0,120,92,5,0,5,5,129,0,129,96
481021,41,1,40,29,32,0,0,8,21,1,20,16,4,0,4,3,16,0,16,13
481049,9,0,9,9,9,0,0,0,8,0,8,8,1,0,1,1,0,0,0,0
481100,77,0,77,77,77,0,0,0,6,0,6,6,0,0,0,0,71,0,71,71
481128,54,0,54,24,43,0,11,0,54,0,54,43,0,0,0,0,0,0,0,0
481146,135,0,135,56,79,0,0,56,88,0,88,48,5,0,5,5,42,0,42,26
481191,80,0,80,60,68,0,0,12,40,0,40,40,0,0,0,0,40,0,40,28
481207,28,0,28,23,23,0,0,5,13,0,13,13,10,0,10,10,5,0,5,0
481243,3,0,3,0,2,0,0,1,2,0,2,1,1,0,1,1,0,0,0,0
481298,22,0,22,10,10,0,0,12,17,0,17,6,2,0,2,1,3,0,3,3
481313,67,0,67,48,57,0,2,8,42,0,42,40,1,0,1,0,24,0,24,17
481322,33,0,33,7,9,0,0,24,29,0,29,7,4,0,4,2,0,0,0,0
481331,87,0,87,11,71,0,9,7,75,0,75,71,0,0,0,0,12,0,12,0
481340,42,0,42,38,38,0,0,4,32,0,32,28,10,0,10,10,0,0,0,0
481368,24,0,24,23,23,0,0,1,11,0,11,10,0,0,0,0,13,0,13,13
481429,132,0,132,48,91,0,0,41,75,0,75,59,20,0,20,17,37,0,37,15
481447,21,0,21,0,20,0,0,1,8,0,8,8,8,0,8,8,5,0,5,4
481456,7,0,7,6,6,1,0,0,3,0,3,3,0,0,0,0,4,0,4,3
481474,34,0,34,1,27,0,0,7,18,0,18,16,6,0,6,4,10,0,10,7
481483,172,1,171,141,152,1,1,17,145,0,145,130,26,1,25,22,1,0,1,0
481517,25,0,25,0,18,0,0,7,24,0,24,17,1,0,1,1,0,0,0,0
481526,19,0,19,4,18,0,0,1,11,0,11,11,2,0,2,2,6,0,6,5
481571,5,0,5,2,5,0,0,0,5,0,5,5,0,0,0,0,0,0,0,0
481678,27,0,27,0,9,0,0,18,21,0,21,9,2,0,2,0,4,0,4,0
481739,18,0,18,1,8,0,1,9,15,0,15,5,1,0,1,1,2,0,2,2
481748,49,0,49,1,17,0,3,29,43,0,43,16,3,0,3,0,3,0,3,1
481845,33,0,33,5,22,0,0,11,27,0,27,18,3,0,3,2,3,0,3,2
481863,44,0,44,15,31,0,0,13,32,0,32,22,7,0,7,6,5,0,5,3
481890,99,0,99,14,56,0,0,43,86,0,86,48,9,0,9,7,4,0,4,1
481906,119,0,119,13,50,0,0,69,103,0,103,41,3,0,3,3,13,0,13,6
481960,201,0,201,145,160,0,0,41,158,0,158,132,43,0,43,28,0,0,0,0
482015,975,0,975,573,735,0,0,240,731,0,731,526,26,0,26,12,218,0,218,197
482060,211,0,211,1,104,0,0,107,193,0,193,91,8,0,8,6,10,0,10,7
482097,300,0,300,207,207,0,0,93,222,0,222,137,19,0,19,14,59,0,59,56
482167,21,0,21,7,12,0,0,9,6,0,6,2,0,0,0,0,15,0,15,10
482176,45,0,45,1,26,0,0,19,26,0,26,12,9,0,9,7,10,0,10,7
482194,98,0,98,3,95,0,0,3,60,0,60,60,38,0,38,35,0,0,0,0
482200,54,1,53,3,22,1,0,30,51,1,50,21,3,0,3,1,0,0,0,0
482246,44,0,44,36,37,0,0,7,12,0,12,10,8,0,8,8,24,0,24,19
482291,811,0,811,234,473,7,3,328,773,0,773,444,17,0,17,12,21,0,21,17
482981,52,0,52,1,8,17,0,27,49,0,49,8,2,0,2,0,1,0,1,0
483009,158,0,158,54,118,0,0,40,109,0,109,81,49,0,49,37,0,0,0,0
483054,42,0,42,18,18,0,0,24,25,0,25,11,6,0,6,4,11,0,11,3
483106,45,0,45,11,43,0,0,2,28,0,28,28,3,0,3,3,14,0,14,12
483230,72,0,72,66,66,0,0,6,40,0,40,38,13,0,13,13,19,0,19,15
483258,53,0,53,4,4,0,49,0,53,0,53,4,0,0,0,0,0,0,0,0
483276,51,0,51,37,37,0,7,7,51,0,51,37,0,0,0,0,0,0,0,0
483328,20,0,20,0,12,0,0,8,9,0,9,3,3,0,3,3,8,0,8,6
483337,21,0,21,1,11,0,0,10,13,0,13,7,2,0,2,0,6,0,6,4
483346,8,0,8,1,6,0,0,2,2,0,2,2,2,0,2,2,4,0,4,2
483355,53,0,53,29,34,0,0,19,45,0,45,30,4,0,4,2,4,0,4,2
483364,29,0,29,7,16,0,0,13,28,0,28,15,0,0,0,0,1,0,1,1
483382,123,0,123,103,111,0,0,12,58,0,58,51,18,0,18,16,47,0,47,44
483425,9,0,9,2,8,0,0,1,4,0,4,3,0,0,0,0,5,0,5,5
483470,65,0,65,65,65,0,0,0,65,0,65,65,0,0,0,0,0,0,0,0
483504,109,0,109,10,19,0,0,90,73,0,73,15,0,0,0,0,36,0,36,4
483513,32,0,32,5,17,6,0,9,28,0,28,17,4,0,4,0,0,0,0,0
483559,56,0,56,6,20,8,0,28,38,0,38,14,5,0,5,1,13,0,13,5
483577,7,0,7,1,4,0,0,3,1,0,1,0,1,0,1,0,5,0,5,4
483708,51,0,51,48,48,0,3,0,14,0,14,14,5,0,5,2,32,0,32,32
483726,2,0,2,0,1,0,0,1,2,0,2,1,0,0,0,0,0,0,0,0
483735,11,0,11,7,8,0,0,3,8,0,8,8,0,0,0,0,3,0,3,0
483744,8,0,8,1,6,0,0,2,8,0,8,6,0,0,0,0,0,0,0,0
483753,20,0,20,3,13,0,3,4,2,0,2,2,2,0,2,2,16,0,16,9
483799,15,0,15,4,11,0,3,1,8,0,8,6,7,0,7,5,0,0,0,0
483823,425,2,423,23,230,1,0,192,305,2,303,167,15,0,15,13,105,0,105,50
483841,107,8,99,68,85,0,1,13,39,0,39,39,0,0,0,0,68,8,60,46
483850,16,0,16,10,15,0,0,1,16,0,16,15,0,0,0,0,0,0,0,0
483869,82,0,82,49,75,0,0,7,82,0,82,75,0,0,0,0,0,0,0,0
483878,54,0,54,3,16,0,0,38,50,0,50,13,1,0,1,0,3,0,3,3
483887,15,0,15,6,9,0,0,6,10,0,10,7,1,0,1,1,4,0,4,1
483896,24,0,24,0,23,0,0,1,0,0,0,0,12,0,12,12,12,0,12,11
483911,8,0,8,0,5,0,3,0,6,0,6,4,2,0,2,1,0,0,0,0
483948,39,0,39,14,25,0,0,14,39,0,39,25,0,0,0,0,0,0,0,0
483957,17,0,17,5,5,0,1,11,2,0,2,2,2,0,2,0,13,0,13,3
484011,53,0,53,0,38,0,0,15,26,0,26,19,5,0,5,4,22,0,22,15
484020,16,0,16,12,12,0,3,1,7,0,7,7,9,0,9,5,0,0,0,0
484048,19,0,19,2,17,0,0,2,19,0,19,17,0,0,0,0,0,0,0,0
484057,70,0,70,6,40,0,17,13,4,0,4,3,0,0,0,0,66,0,66,37
484075,21,0,21,2,10,9,0,2,5,0,5,0,5,0,5,0,11,0,11,10
484084,28,0,28,6,18,0,5,5,17,0,17,12,3,0,3,3,8,0,8,3
484093,24,0,24,0,20,0,0,4,10,0,10,8,5,0,5,5,9,0,9,7
484109,34,0,34,1,26,0,0,8,17,0,17,12,2,0,2,2,15,0,15,12
484127,32,0,32,4,24,0,2,6,18,0,18,12,5,0,5,5,9,0,9,7
484136,23,0,23,1,8,0,0,15,23,0,23,8,0,0,0,0,0,0,0,0
484163,97,0,97,60,71,0,0,26,73,0,73,56,10,0,10,10,14,0,14,5
484172,33,0,33,7,31,0,0,2,33,0,33,31,0,0,0,0,0,0,0,0
484190,8,0,8,0,5,0,0,3,6,0,6,4,0,0,0,0,2,0,2,1
484206,73,0,73,14,56,0,0,17,52,0,52,38,7,0,7,7,14,0,14,11
484330,24,0,24,7,16,0,0,8,21,0,21,14,2,0,2,1,1,0,1,1
484349,71,0,71,9,39,0,0,32,63,0,63,36,6,0,6,2,2,0,2,1
484358,68,0,68,13,35,0,0,33,62,0,62,32,5,0,5,2,1,0,1,1
484394,27,0,27,2,22,0,0,5,7,0,7,5,2,0,2,2,18,0,18,15
484604,359,0,359,20,213,0,0,146,294,0,294,178,27,0,27,19,38,0,38,16
484899,174,0,174,21,141,0,0,33,68,0,68,53,25,0,25,24,81,0,81,64
484923,24,0,24,24,24,0,0,0,6,0,6,6,4,0,4,4,14,0,14,14
484996,68,0,68,59,59,0,1,8,65,0,65,59,0,0,0,0,3,0,3,0
485014,34,0,34,0,17,0,0,17,31,0,31,15,3,0,3,2,0,0,0,0
485032,32,0,32,2,17,1,0,14,26,0,26,11,2,0,2,2,4,0,4,4
485166,17,0,17,3,12,0,2,3,13,0,13,10,4,0,4,2,0,0,0,0
485236,15,0,15,2,5,3,0,7,7,0,7,1,3,0,3,1,5,0,5,3
485342,115,0,115,89,89,0,0,26,14,0,14,12,0,0,0,0,101,0,101,77
485360,10,0,10,2,2,1,0,7,2,0,2,1,2,0,2,1,6,0,6,0
485379,145,0,145,23,108,0,0,37,129,0,129,94,3,0,3,2,13,0,13,12
485388,127,0,127,26,91,0,0,36,95,0,95,60,3,0,3,3,29,0,29,28
485397,37,0,37,0,16,0,1,20,33,0,33,13,2,0,2,2,2,0,2,1
485412,36,0,36,23,29,0,0,7,26,0,26,19,4,0,4,4,6,0,6,6
485476,31,0,31,13,29,0,0,2,20,0,20,19,2,0,2,2,9,0,9,8
485485,77,0,77,17,60,0,9,8,48,0,48,32,0,0,0,0,29,0,29,28
485494,47,0,47,0,11,0,28,8,36,0,36,7,3,0,3,1,8,0,8,3
485573,82,0,82,0,78,0,0,4,81,0,81,77,1,0,1,1,0,0,0,0
485591,33,0,33,3,3,0,0,30,33,0,33,3,0,0,0,0,0,0,0,0
485607,13,0,13,0,3,0,0,10,13,0,13,3,0,0,0,0,0,0,0,0
485704,3,0,3,3,3,0,0,0,3,0,3,3,0,0,0,0,0,0,0,0
485801,92,0,92,81,81,0,0,11,71,0,71,71,11,0,11,10,10,0,10,0
485874,32,0,32,2,27,0,0,5,13,0,13,12,3,0,3,3,16,0,16,12
485926,121,0,121,8,47,1,0,73,57,0,57,21,2,0,2,1,62,0,62,25
485962,3,0,3,0,2,0,0,1,3,0,3,2,0,0,0,0,0,0,0,0
486141,6,0,6,3,3,0,0,3,3,0,3,1,1,0,1,1,2,0,2,1
486150,33,0,33,25,31,0,0,2,28,0,28,28,0,0,0,0,5,0,5,3
486169,16,0,16,0,5,0,0,11,14,0,14,4,1,0,1,1,1,0,1,0
486248,67,0,67,12,32,0,32,3,14,0,14,3,3,0,3,1,50,0,50,28
486345,42,0,42,33,33,0,0,9,39,0,39,30,3,0,3,3,0,0,0,0
486390,87,0,87,4,12,0,32,43,52,0,52,7,1,0,1,0,34,0,34,5
486406,18,0,18,14,15,0,0,3,11,0,11,8,0,0,0,0,7,0,7,7
486442,1,0,1,0,0,0,0,1,1,0,1,0,0,0,0,0,0,0,0,0
486497,15,0,15,5,12,0,0,3,14,0,14,11,0,0,0,0,1,0,1,1
486503,27,0,27,8,22,0,0,5,27,0,27,22,0,0,0,0,0,0,0,0
486512,72,0,72,25,65,0,0,7,70,0,70,65,0,0,0,0,2,0,2,0
486530,37,0,37,15,28,0,0,9,29,0,29,21,4,0,4,3,4,0,4,4
486567,75,0,75,4,43,0,0,32,39,0,39,15,3,0,3,2,33,0,33,26
486576,98,0,98,37,52,0,0,46,88,0,88,48,0,0,0,0,10,0,10,4
486619,38,0,38,11,13,1,0,24,1,0,1,0,1,0,1,1,36,0,36,12
486691,38,0,38,0,12,0,2,24,31,0,31,10,4,0,4,2,3,0,3,0
486707,85,0,85,10,48,0,0,37,76,0,76,42,7,0,7,6,2,0,2,0
486716,66,0,66,10,41,0,0,25,53,0,53,31,9,0,9,8,4,0,4,2
486752,58,0,58,9,40,0,0,18,55,0,55,37,3,0,3,3,0,0,0,0
486770,42,0,42,12,32,0,0,10,28,0,28,27,0,0,0,0,14,0,14,5
486798,1712,5,1707,498,957,0,0,750,1358,4,1354,716,194,1,193,130,160,0,160,111
486877,8,0,8,5,5,0,0,3,2,0,2,2,0,0,0,0,6,0,6,3
486886,11,0,11,8,9,0,0,2,4,0,4,4,0,0,0,0,7,0,7,5
486983,12,0,12,1,6,0,0,6,7,0,7,2,0,0,0,0,5,0,5,4
487047,235,0,235,109,139,0,0,96,209,0,209,116,5,0,5,4,21,0,21,19
487065,21,0,21,5,12,0,0,9,14,0,14,7,1,0,1,1,6,0,6,4
487083,27,1,26,3,15,0,1,10,15,0,15,7,3,0,3,0,9,1,8,8
487232,81,0,81,60,62,0,0,19,66,0,66,50,10,0,10,8,5,0,5,4
487348,27,0,27,5,18,0,0,9,20,0,20,11,2,0,2,2,5,0,5,5
487384,387,0,387,35,198,11,4,174,375,0,375,191,10,0,10,5,2,0,2,2
487427,638,2,636,66,262,3,8,363,623,2,621,251,12,0,12,9,3,0,3,2
487436,523,2,521,41,163,6,8,344,507,2,505,155,11,0,11,5,5,0,5,3
487472,847,2,845,53,332,5,11,497,828,2,826,321,14,0,14,8,5,0,5,3
487481,1029,4,1025,98,419,6,14,586,993,4,989,402,32,0,32,16,4,0,4,1
487506,31,0,31,0,27,0,0,4,16,0,16,12,3,0,3,3,12,0,12,12
487533,17,0,17,9,15,0,0,2,9,0,9,8,5,0,5,5,3,0,3,2
487621,5,0,5,0,4,0,0,1,5,0,5,4,0,0,0,0,0,0,0,0
487676,50,0,50,1,31,0,2,17,23,0,23,13,7,0,7,6,20,0,20,12
487773,11,0,11,8,8,0,0,3,5,0,5,2,1,0,1,1,5,0,5,5
487791,180,0,180,137,140,4,0,36,131,0,131,98,22,0,22,21,27,0,27,21
487807,10,0,10,0,2,0,0,8,9,0,9,2,0,0,0,0,1,0,1,0
487816,2,0,2,0,0,0,1,1,2,0,2,0,0,0,0,0,0,0,0,0
487889,239,0,239,239,239,0,0,0,0,0,0,0,13,0,13,13,226,0,226,226
487898,9,0,9,0,4,5,0,0,6,0,6,2,0,0,0,0,3,0,3,2
487904,29,0,29,26,26,0,0,3,17,0,17,14,12,0,12,12,0,0,0,0
487922,9,0,9,5,8,0,0,1,3,0,3,2,3,0,3,3,3,0,3,3
487959,25,0,25,23,23,0,2,0,11,0,11,11,2,0,2,2,12,0,12,10
487968,1,0,1,0,0,0,0,1,0,0,0,0,0,0,0,0,1,0,1,0
488013,46,0,46,2,16,0,0,30,44,0,44,14,2,0,2,2,0,0,0,0
488022,8,0,8,0,4,0,0,4,8,0,8,4,0,0,0,0,0,0,0,0
488110,20,0,20,1,12,0,0,8,11,0,11,6,3,0,3,3,6,0,6,3
488129,1,0,1,1,1,0,0,0,0,0,0,0,0,0,0,0,1,0,1,1
488138,112,0,112,94,102,0,0,10,87,0,87,87,25,0,25,15,0,0,0,0
488147,63,0,63,16,33,0,1,29,39,0,39,15,24,0,24,18,0,0,0,0
488174,28,0,28,22,22,0,0,6,22,0,22,22,5,0,5,0,1,0,1,0
488183,8,0,8,0,2,0,0,6,7,0,7,2,1,0,1,0,0,0,0,0
488192,28,0,28,3,15,0,11,2,15,0,15,5,5,0,5,3,8,0,8,7
488217,14,0,14,9,9,1,0,4,10,0,10,6,1,0,1,1,3,0,3,2
488253,25,0,25,23,23,0,0,2,13,0,13,13,2,0,2,0,10,0,10,10
488262,10,0,10,1,5,0,4,1,6,0,6,1,2,0,2,2,2,0,2,2
488271,38,0,38,5,29,0,0,9,26,0,26,20,4,0,4,4,8,0,8,5
488280,5,0,5,5,5,0,0,0,4,0,4,4,1,0,1,1,0,0,0,0
488299,46,2,44,23,32,0,0,12,35,2,33,23,0,0,0,0,11,0,11,9
488369,16,0,16,4,11,1,0,4,14,0,14,11,1,0,1,0,1,0,1,0
488378,48,0,48,16,38,0,0,10,45,0,45,38,0,0,0,0,3,0,3,0
488396,32,0,32,14,18,0,0,14,14,0,14,14,0,0,0,0,18,0,18,4
488411,89,0,89,13,69,1,0,19,46,0,46,37,25,0,25,25,18,0,18,7
488439,34,0,34,0,4,0,0,30,23,0,23,0,2,0,2,0,9,0,9,4
488590,14,0,14,13,14,0,0,0,0,0,0,0,0,0,0,0,14,0,14,14
488651,76,0,76,8,57,0,0,19,68,0,68,55,2,0,2,2,6,0,6,0
488749,121,0,121,54,62,4,47,8,70,0,70,30,21,0,21,21,30,0,30,11
488837,36,0,36,35,35,0,1,0,14,0,14,14,22,0,22,21,0,0,0,0
488891,5,0,5,5,5,0,0,0,3,0,3,3,0,0,0,0,2,0,2,2
488916,13,1,12,0,10,0,0,2,12,1,11,9,0,0,0,0,1,0,1,1
488952,75,0,75,9,50,0,0,25,67,0,67,46,5,0,5,2,3,0,3,2
488961,61,0,61,5,23,0,0,38,53,0,53,19,5,0,5,3,3,0,3,1
488970,49,0,49,13,37,0,0,12,45,0,45,35,1,0,1,1,3,0,3,1
488989,52,0,52,3,35,0,0,17,29,0,29,19,7,0,7,4,16,0,16,12
488998,75,0,75,8,49,0,0,26,60,0,60,39,11,0,11,9,4,0,4,1
489122,19,0,19,2,4,0,1,14,10,0,10,2,0,0,0,0,9,0,9,2
489131,23,0,23,6,7,0,0,16,5,0,5,2,0,0,0,0,18,0,18,5
489140,27,0,27,7,10,0,0,17,11,0,11,10,0,0,0,0,16,0,16,0
489159,22,0,22,4,18,0,0,4,13,0,13,10,2,0,2,1,7,0,7,7
489238,139,1,138,97,109,1,1,27,76,1,75,70,63,0,63,39,0,0,0,0
489247,13,0,13,5,8,0,0,5,13,0,13,8,0,0,0,0,0,0,0,0
489256,204,0,204,200,200,0,0,4,130,0,130,130,0,0,0,0,74,0,74,70
489830,43,0,43,4,21,0,0,22,39,0,39,18,1,0,1,1,3,0,3,2
490018,7,0,7,7,7,0,0,0,5,0,5,5,2,0,2,2,0,0,0,0
490115,44,0,44,30,31,0,0,13,26,0,26,16,9,0,9,9,9,0,9,6
490142,5,0,5,0,5,0,0,0,5,0,5,5,0,0,0,0,0,0,0,0
490151,51,0,51,34,35,0,16,0,32,0,32,31,19,0,19,4,0,0,0,0
490221,20,0,20,6,15,0,1,4,1,0,1,0,0,0,0,0,19,0,19,15
490249,17,0,17,10,13,0,0,4,0,0,0,0,17,0,17,13,0,0,0,0
490258,33,3,30,24,24,0,0,6,8,2,6,4,3,0,3,0,22,1,21,20
490267,6,0,6,0,3,0,0,3,4,0,4,3,2,0,2,0,0,0,0,0
490294,48,0,48,0,10,0,1,37,25,0,25,7,0,0,0,0,23,0,23,3
490300,17,0,17,1,15,0,0,2,11,0,11,10,3,0,3,3,3,0,3,2
490382,13,0,13,12,13,0,0,0,8,0,8,8,2,0,2,2,3,0,3,3
490391,78,0,78,74,74,0,0,4,18,0,18,18,18,0,18,18,42,0,42,38
490407,39,0,39,0,25,0,0,14,33,0,33,20,0,0,0,0,6,0,6,5
490416,13,0,13,0,1,0,8,4,11,0,11,0,2,0,2,1,0,0,0,0
490425,163,0,163,9,110,0,0,53,57,0,57,35,15,0,15,11,91,0,91,64
490434,9,0,9,8,8,0,0,1,4,0,4,4,3,0,3,3,2,0,2,1
490443,8,0,8,0,7,0,0,1,5,0,5,4,1,0,1,1,2,0,2,2
490452,31,0,31,21,28,0,3,0,31,0,31,28,0,0,0,0,0,0,0,0
490461,45,0,45,12,36,0,0,9,24,0,24,17,1,0,1,1,20,0,20,18
490470,4,0,4,0,3,0,0,1,4,0,4,3,0,0,0,0,0,0,0,0
490522,7,0,7,1,1,0,5,1,7,0,7,1,0,0,0,0,0,0,0,0
490531,24,0,24,20,20,0,0,4,24,0,24,20,0,0,0,0,0,0,0,0
490674,4,0,4,3,3,0,0,1,3,0,3,3,0,0,0,0,1,0,1,0
490717,57,0,57,0,44,0,2,11,27,0,27,18,7,0,7,5,23,0,23,21
490735,151,0,151,89,108,0,3,40,137,0,137,99,2,0,2,2,12,0,12,7
490744,8,0,8,0,4,0,0,4,6,0,6,2,0,0,0,0,2,0,2,2
490814,43,0,43,10,28,0,0,15,37,0,37,23,4,0,4,3,2,0,2,2
490869,159,0,159,37,71,0,0,88,132,0,132,54,13,0,13,6,14,0,14,11
490896,198,0,198,11,118,0,31,49,0,0,0,0,31,0,31,25,167,0,167,93
490948,8,0,8,1,5,0,0,3,8,0,8,5,0,0,0,0,0,0,0,0
491066,13,0,13,8,8,0,4,1,7,0,7,4,1,0,1,1,5,0,5,3
491075,49,0,49,42,42,0,7,0,42,0,42,42,0,0,0,0,7,0,7,0
491084,211,0,211,103,134,0,0,77,163,0,163,88,10,0,10,8,38,0,38,38
491136,32,0,32,1,19,0,0,13,25,0,25,14,4,0,4,3,3,0,3,2
491145,42,0,42,1,23,0,0,19,37,0,37,19,4,0,4,4,1,0,1,0
491224,13,0,13,0,4,0,0,9,11,0,11,3,1,0,1,0,1,0,1,1
491233,22,1,21,15,15,0,0,6,2,1,1,1,1,0,1,0,19,0,19,14
491242,28,0,28,0,11,0,0,17,9,0,9,7,2,0,2,0,17,0,17,4
491251,34,0,34,31,31,0,0,3,18,0,18,15,0,0,0,0,16,0,16,16
491260,9,0,9,1,1,0,0,8,7,0,7,1,2,0,2,0,0,0,0,0
491394,83,0,83,56,57,0,0,26,28,0,28,19,8,0,8,6,47,0,47,32
491464,170,0,170,16,26,0,3,141,61,0,61,15,0,0,0,0,109,0,109,11
491473,31,0,31,31,31,0,0,0,29,0,29,29,0,0,0,0,2,0,2,2
491507,23,0,23,0,1,0,17,5,14,0,14,0,1,0,1,0,8,0,8,1
491543,63,0,63,37,46,0,2,15,14,0,14,3,0,0,0,0,49,0,49,43
491552,7,0,7,7,7,0,0,0,5,0,5,5,2,0,2,2,0,0,0,0
491570,23,0,23,6,6,0,0,17,10,0,10,6,0,0,0,0,13,0,13,0
491589,4,0,4,3,3,0,0,1,0,0,0,0,0,0,0,0,4,0,4,3
491598,12,0,12,12,12,0,0,0,5,0,5,5,7,0,7,7,0,0,0,0
491668,162,0,162,71,71,0,36,55,59,0,59,0,0,0,0,0,103,0,103,71
491677,15,0,15,11,11,0,0,4,13,0,13,9,2,0,2,2,0,0,0,0
491686,26,0,26,0,22,0,0,4,15,0,15,13,6,0,6,4,5,0,5,5
491695,8,0,8,1,6,0,0,2,7,0,7,5,0,0,0,0,1,0,1,1
491729,6,0,6,2,2,0,0,4,5,0,5,2,0,0,0,0,1,0,1,0
491747,29,0,29,2,19,0,3,7,12,0,12,10,2,0,2,1,15,0,15,8
491756,70,0,70,10,70,0,0,0,57,0,57,57,3,0,3,3,10,0,10,10
491774,13,0,13,10,10,0,0,3,4,0,4,4,6,0,6,3,3,0,3,3
491783,78,0,78,28,35,0,15,28,29,0,29,0,0,0,0,0,49,0,49,35
491792,67,0,67,12,54,0,1,12,27,0,27,21,17,0,17,13,23,0,23,20
491826,23,0,23,7,16,0,0,7,21,0,21,14,2,0,2,2,0,0,0,0
491835,40,0,40,3,32,0,0,8,20,0,20,16,6,0,6,6,14,0,14,10
491853,18,0,18,2,9,2,0,7,15,0,15,6,1,0,1,1,2,0,2,2
491871,2,0,2,2,2,0,0,0,2,0,2,2,0,0,0,0,0,0,0,0
491880,63,0,63,50,51,0,0,12,33,0,33,29,11,0,11,10,19,0,19,12
491899,35,0,35,0,32,0,0,3,3,0,3,0,0,0,0,0,32,0,32,32
491905,70,0,70,1,28,0,1,41,34,0,34,10,3,0,3,2,33,0,33,16
491923,208,0,208,36,176,0,0,32,88,0,88,68,35,0,35,32,85,0,85,76
491932,17,0,17,15,15,2,0,0,8,0,8,8,7,0,7,7,2,0,2,0
491978,4,0,4,4,4,0,0,0,4,0,4,4,0,0,0,0,0,0,0,0
491996,26,0,26,2,19,1,6,0,14,0,14,11,10,0,10,8,2,0,2,0
492005,24,0,24,7,17,0,0,7,13,0,13,6,4,0,4,4,7,0,7,7
492023,273,0,273,30,34,0,193,46,0,0,0,0,0,0,0,0,273,0,273,34
492096,4,0,4,1,3,0,0,1,4,0,4,3,0,0,0,0,0,0,0,0
492139,165,1,164,141,144,0,0,20,11,0,11,11,14,0,14,14,140,1,139,119
492281,23,0,23,0,6,0,17,0,18,0,18,6,0,0,0,0,5,0,5,0
492360,9,0,9,4,6,0,0,3,4,0,4,2,2,0,2,2,3,0,3,2
492421,13,0,13,3,12,0,0,1,13,0,13,12,0,0,0,0,0,0,0,0
492643,75,0,75,59,64,0,1,10,27,0,27,25,0,0,0,0,48,0,48,39
492652,9,0,9,9,9,0,0,0,5,0,5,5,0,0,0,0,4,0,4,4
492661,72,0,72,9,36,0,0,36,54,0,54,27,6,0,6,4,12,0,12,5
492731,46,0,46,6,34,0,1,11,25,0,25,17,5,0,5,5,16,0,16,12
492935,65,0,65,32,58,0,0,7,62,0,62,58,2,0,2,0,1,0,1,0
492953,16,0,16,3,7,0,0,9,11,0,11,5,1,0,1,1,4,0,4,1
493071,246,0,246,113,134,0,8,104,195,0,195,125,0,0,0,0,51,0,51,9
493150,37,0,37,2,35,0,0,2,31,0,31,29,6,0,6,6,0,0,0,0
493372,2,0,2,0,0,0,0,2,2,0,2,0,0,0,0,0,0,0,0,0
493479,10,0,10,10,10,0,0,0,10,0,10,10,0,0,0,0,0,0,0,0
493530,6,0,6,4,4,0,0,2,5,0,5,3,1,0,1,1,0,0,0,0
493549,136,0,136,115,115,0,0,21,98,0,98,82,7,0,7,4,31,0,31,29
493558,14,0,14,13,13,0,0,1,8,0,8,8,1,0,1,1,5,0,5,4
493576,4,0,4,1,3,0,0,1,4,0,4,3,0,0,0,0,0,0,0,0
493628,16,0,16,0,10,1,0,5,1,0,1,0,2,0,2,2,13,0,13,8
493637,38,0,38,37,37,0,1,0,0,0,0,0,0,0,0,0,38,0,38,37
493655,21,0,21,4,17,0,0,4,8,0,8,7,0,0,0,0,13,0,13,10
493691,6,0,6,0,4,0,0,2,3,0,3,1,0,0,0,0,3,0,3,3
493734,17,0,17,4,12,0,1,4,10,0,10,10,2,0,2,2,5,0,5,0
493743,99,0,99,15,84,0,0,15,96,0,96,81,3,0,3,3,0,0,0,0
493752,5,0,5,5,5,0,0,0,5,0,5,5,0,0,0,0,0,0,0,0
493761,39,0,39,10,27,0,0,12,25,0,25,17,5,0,5,3,9,0,9,7
493770,18,0,18,15,15,0,0,3,12,0,12,12,6,0,6,3,0,0,0,0
493804,50,0,50,8,33,0,0,17,32,0,32,19,3,0,3,1,15,0,15,13
493813,21,0,21,2,20,0,0,1,17,0,17,17,0,0,0,0,4,0,4,3
493831,18,0,18,5,8,0,0,10,4,0,4,2,2,0,2,2,12,0,12,4
493910,2,0,2,2,2,0,0,0,0,0,0,0,0,0,0,0,2,0,2,2
493992,373,0,373,156,234,0,0,139,298,0,298,176,12,0,12,1,63,0,63,57
494001,33,0,33,0,20,1,0,12,18,0,18,7,5,0,5,3,10,0,10,10
494029,5,0,5,1,2,0,0,3,5,0,5,2,0,0,0,0,0,0,0,0
494232,13,0,13,1,12,0,0,1,8,0,8,8,1,0,1,1,4,0,4,3
494357,597,3,594,69,257,5,10,322,563,3,560,241,21,0,21,11,13,0,13,5
494472,3,0,3,3,3,0,0,0,3,0,3,3,0,0,0,0,0,0,0,0
494524,82,0,82,7,68,0,0,14,36,0,36,29,13,0,13,12,33,0,33,27
494649,11,0,11,1,10,0,0,1,4,0,4,4,7,0,7,6,0,0,0,0
494700,41,0,41,19,31,0,0,10,37,0,37,28,0,0,0,0,4,0,4,3
494719,29,0,29,0,8,0,0,21,0,0,0,0,0,0,0,0,29,0,29,8
494728,18,0,18,2,10,0,0,8,14,0,14,8,0,0,0,0,4,0,4,2
494904,62,0,62,53,53,0,9,0,37,0,37,37,25,0,25,16,0,0,0,0
495040,42,0,42,42,42,0,0,0,18,0,18,18,3,0,3,3,21,0,21,21
495077,1,0,1,0,0,0,0,1,0,0,0,0,0,0,0,0,1,0,1,0
495101,35,0,35,22,32,0,0,3,10,0,10,9,4,0,4,3,21,0,21,20
495110,2,0,2,2,2,0,0,0,0,0,0,0,0,0,0,0,2,0,2,2
495129,119,0,119,113,113,5,0,1,5,0,5,5,1,0,1,1,113,0,113,107
495138,10,0,10,2,2,0,4,4,1,0,1,0,0,0,0,0,9,0,9,2
495165,10,0,10,8,8,0,2,0,0,0,0,0,0,0,0,0,10,0,10,8
495208,6,0,6,0,3,0,0,3,3,0,3,1,1,0,1,0,2,0,2,2
495217,32,0,32,28,29,0,0,3,0,0,0,0,0,0,0,0,32,0,32,29
495244,16,0,16,16,16,0,0,0,0,0,0,0,0,0,0,0,16,0,16,16
495262,4,0,4,3,4,0,0,0,0,0,0,0,0,0,0,0,4,0,4,4
495299,13,0,13,13,13,0,0,0,2,0,2,2,0,0,0,0,11,0,11,11
495305,12,0,12,2,9,0,1,2,0,0,0,0,0,0,0,0,12,0,12,9
495350,3,0,3,0,2,0,0,1,1,0,1,1,0,0,0,0,2,0,2,1
495369,10,0,10,0,9,0,0,1,5,0,5,5,0,0,0,0,5,0,5,4
495396,6,0,6,4,4,0,2,0,0,0,0,0,0,0,0,0,6,0,6,4
495411,47,0,47,4,27,1,0,19,26,0,26,12,5,0,5,3,16,0,16,12
495518,22,0,22,0,5,1,0,16,19,0,19,4,3,0,3,1,0,0,0,0
495776,14,0,14,4,10,0,0,4,9,0,9,6,1,0,1,1,4,0,4,3
495794,24,0,24,2,20,0,0,4,10,0,10,8,2,0,2,2,12,0,12,10
495837,56,0,56,20,26,0,0,30,46,0,46,21,0,0,0,0,10,0,10,5
495925,66,0,66,19,34,0,11,21,62,0,62,33,2,0,2,1,2,0,2,0
495934,67,0,67,19,33,1,12,21,65,0,65,32,0,0,0,0,2,0,2,1
495943,35,0,35,13,20,0,8,7,33,0,33,20,0,0,0,0,2,0,2,0
495970,98,0,98,52,61,0,9,28,88,0,88,54,0,0,0,0,10,0,10,7
495998,65,0,65,26,37,1,14,13,62,0,62,35,1,0,1,0,2,0,2,2
496371,2,0,2,2,2,0,0,0,0,0,0,0,0,0,0,0,2,0,2,2
496539,13,0,13,11,11,0,0,2,0,0,0,0,0,0,0,0,13,0,13,11
496618,41,0,41,35,35,0,0,6,0,0,0,0,0,0,0,0,41,0,41,35
496645,17,0,17,13,13,0,0,4,0,0,0,0,0,0,0,0,17,0,17,13
496663,4,0,4,0,4,0,0,0,0,0,0,0,0,0,0,0,4,0,4,4
496672,2,0,2,0,2,0,0,0,0,0,0,0,0,0,0,0,2,0,2,2
496715,126,0,126,117,117,0,9,0,38,0,38,38,4,0,4,4,84,0,84,75
496733,1,0,1,0,0,0,0,1,0,0,0,0,0,0,0,0,1,0,1,0
497161,66,0,66,27,44,0,12,10,0,0,0,0,0,0,0,0,66,0,66,44
497189,61,0,61,53,53,0,0,8,0,0,0,0,0,0,0,0,61,0,61,53
497222,6,0,6,1,4,0,0,2,2,0,2,1,0,0,0,0,4,0,4,3
497310,53,0,53,5,46,0,0,7,14,0,14,12,8,0,8,6,31,0,31,28
497374,23,0,23,2,21,0,2,0,0,0,0,0,0,0,0,0,23,0,23,21
497417,20,0,20,10,19,0,0,1,0,0,0,0,0,0,0,0,20,0,20,19
497435,94,0,94,19,73,0,7,14,0,0,0,0,0,0,0,0,94,0,94,73
497471,5,0,5,4,4,0,0,1,0,0,0,0,0,0,0,0,5,0,5,4
497684,41,2,39,30,30,0,0,9,0,0,0,0,0,0,0,0,41,2,39,30
497736,4,0,4,2,4,0,0,0,2,0,2,2,2,0,2,2,0,0,0,0
497912,358,0,358,110,195,0,0,163,307,0,307,172,31,0,31,20,20,0,20,3
498322,55,0,55,11,38,0,1,16,0,0,0,0,0,0,0,0,55,0,55,38
498359,22,0,22,4,15,0,7,0,0,0,0,0,0,0,0,0,22,0,22,15
498368,13,0,13,10,12,0,1,0,0,0,0,0,0,0,0,0,13,0,13,12
498377,36,0,36,35,35,0,0,1,0,0,0,0,0,0,0,0,36,0,36,35
498401,7,0,7,7,7,0,0,0,0,0,0,0,0,0,0,0,7,0,7,7
498410,32,0,32,23,27,0,0,5,0,0,0,0,0,0,0,0,32,0,32,27
